Tweet,Emojis,SentimentML,Quantidade,Alegria,Medo,Neutro,Nojo,Raiva,Tristeza,Alias,Frequencias,Phrase,Words,Frequency
"@Aguiarthur Ha vídeo aonde a Maria lixo confirma que agrediu 
E ai @boninho @bbb 
Ela cometeu um crime de contraven… https://t.co/V7tdInXa0A",set(),'alegria',97,[0.41],[0.05],[0.39],[0.0],[0.15],[0.0],[0.0],"['ha', 'vídeo', 'aonde', 'a', 'maria', 'lixo', 'confirma', 'que', 'agrediu', 'e', 'ai', 'ela', 'cometeu', 'um', 'crime', 'de', 'contraven']","['ha', 'vídeo', 'aonde', 'a', 'maria', 'lixo', 'confirma', 'que', 'agrediu', 'e', 'ai', 'ela', 'cometeu', 'um', 'crime', 'de', 'contraven']",,413
Meu que palhaçada é essa a Maria empurrando a cabeça do Arthur Aguiar. Engraçado que se fosse ele ganharia expulsão… https://t.co/b53qHb9rx3,set(),'neutro',97,[0.26],[0.06],[0.52],[0.0],[0.14],[0.0],[0.01],"['que', 'a', 'meu', 'palhaçada', 'é', 'essa', 'maria', 'empurrando', 'cabeça', 'do', 'arthur', 'aguiar', 'engraçado', 'se', 'fosse', 'ele', 'ganharia', 'expulsão']","['que', 'a', 'meu', 'palhaçada', 'é', 'essa', 'maria', 'empurrando', 'cabeça', 'do', 'arthur', 'aguiar', 'engraçado', 'se', 'fosse', 'ele', 'ganharia', 'expulsão']",mar,47
@RealitysVip Meu que palhaçada é essa a Maria empurrando a cabeça do Arthur Aguiar. Engraçado que se fosse ele ganh… https://t.co/oZC5niMecn,set(),'neutro',97,[0.26],[0.06],[0.52],[0.0],[0.14],[0.0],[0.01],"['que', 'a', 'meu', 'palhaçada', 'é', 'essa', 'maria', 'empurrando', 'cabeça', 'do', 'arthur', 'aguiar', 'engraçado', 'se', 'fosse', 'ele', 'ganh']","['que', 'a', 'meu', 'palhaçada', 'é', 'essa', 'maria', 'empurrando', 'cabeça', 'do', 'arthur', 'aguiar', 'engraçado', 'se', 'fosse', 'ele', 'ganh']",arthur,31
"E ai @boninho , @tadeuschmidt ? Pode? No tapinha q a Ana deu no Renan você expulsou ela. E isso pode? Essa garota f… https://t.co/ve8LTyV3In",set(),'alegria',97,[0.41],[0.05],[0.39],[0.0],[0.15],[0.0],[0.0],"['e', 'pode', 'no', 'ai', 'tapinha', 'q', 'a', 'ana', 'deu', 'renan', 'você', 'expulsou', 'ela', 'isso', 'essa', 'garota', 'f']","['e', 'pode', 'no', 'ai', 'tapinha', 'q', 'a', 'ana', 'deu', 'renan', 'você', 'expulsou', 'ela', 'isso', 'essa', 'garota', 'f']",agress,23
O Brasil quer MARIA EXPULSA! @bbb @boninho #bbb2022 #bbb #MariaExpulsa #arthuraguiar,set(),'alegria',97,[0.41],[0.05],[0.39],[0.0],[0.15],[0.0],[0.0],"['o', 'brasil', 'quer', 'maria', 'expulsa']","['o', 'brasil', 'quer', 'maria', 'expulsa']",expuls,16
E aí a agressão da Maria vai fica por isso mesmo @bbb @boninho bora subir a #MariaMereceExpulsao #MariaExpulsa,set(),'neutro',97,[0.11],[0.05],[0.66],[0.0],[0.17],[0.0],[0.01],"['a', 'e', 'aí', 'agressão', 'da', 'maria', 'vai', 'fica', 'por', 'isso', 'mesmo', 'bora', 'subir']","['a', 'e', 'aí', 'agressão', 'da', 'maria', 'vai', 'fica', 'por', 'isso', 'mesmo', 'bora', 'subir']",rt,14
"A própria Maria assumiu que foi agressiva, debochou do que fez, e ainda fez piada caso o Arthur reclamasse. Os outr… https://t.co/u71Zou0y8J",set(),'neutro',97,[0.21],[0.05],[0.62],[0.0],[0.11],[0.0],[0.01],"['que', 'fez', 'a', 'própria', 'maria', 'assumiu', 'foi', 'agressiva', 'debochou', 'do', 'e', 'ainda', 'piada', 'caso', 'o', 'arthur', 'reclamasse', 'os', 'outr']","['que', 'fez', 'a', 'própria', 'maria', 'assumiu', 'foi', 'agressiva', 'debochou', 'do', 'e', 'ainda', 'piada', 'caso', 'o', 'arthur', 'reclamasse', 'os', 'outr']",agred,11
"Se fosse ao contrário barriga Maria da Penha né @boninho ? 
Quando vão tomar uma providência @bbb  @tvglobo… https://t.co/kwEIBRnfBf",set(),'alegria',97,[0.41],[0.05],[0.39],[0.0],[0.15],[0.0],[0.0],"['se', 'fosse', 'ao', 'contrário', 'barriga', 'maria', 'da', 'penha', 'né', 'quando', 'vão', 'tomar', 'uma', 'providência']","['se', 'fosse', 'ao', 'contrário', 'barriga', 'maria', 'da', 'penha', 'né', 'quando', 'vão', 'tomar', 'uma', 'providência']",test,10
"@eumaria Uma pergunta
Sobre o ato "" tacar a placa na testa"" do Arthur??? A PROPRIA em DIÁLOGO COM A TAL  ESLOVÊNIA… https://t.co/0GceW03vsS",set(),'alegria',97,[0.41],[0.05],[0.39],[0.0],[0.15],[0.0],[0.0],"['a', 'uma', 'pergunta', 'sobre', 'o', 'ato', 'tacar', 'placa', 'na', 'testa', 'do', 'arthur', 'propria', 'em', 'diálogo', 'com', 'tal', 'eslovênia']","['a', 'uma', 'pergunta', 'sobre', 'o', 'ato', 'tacar', 'placa', 'na', 'testa', 'do', 'arthur', 'propria', 'em', 'diálogo', 'com', 'tal', 'eslovênia']",bbb,10
"E aí @boninho, não vai ter pelo menos uma punição para a Maria? #BBB22 Essa Maria Gente a Maria Expulsao #MariaExpulsa @bbb",set(),'neutro',97,[0.23],[0.06],[0.46],[0.0],[0.25],[0.0],[0.01],"['maria', 'a', 'e', 'aí', 'não', 'vai', 'ter', 'pelo', 'menos', 'uma', 'punição', 'para', 'essa', 'gente', 'expulsao']","['maria', 'a', 'e', 'aí', 'não', 'vai', 'ter', 'pelo', 'menos', 'uma', 'punição', 'para', 'essa', 'gente', 'expulsao']",ai,9
RT @bea_trriz: E quando vcs vão subir a TAG #MariaExpulsa?????? #BBB #BBB22,set(),'neutro',97,[0.21],[0.05],[0.62],[0.0],[0.11],[0.0],[0.01],"['rt', 'e', 'quando', 'vcs', 'vão', 'subir', 'a', 'tag']","['rt', 'e', 'quando', 'vcs', 'vão', 'subir', 'a', 'tag']",tap,8
E quando vcs vão subir a TAG #MariaExpulsa?????? #BBB #BBB22,set(),'neutro',97,[0.21],[0.05],[0.62],[0.0],[0.11],[0.0],[0.01],"['e', 'quando', 'vcs', 'vão', 'subir', 'a', 'tag']","['e', 'quando', 'vcs', 'vão', 'subir', 'a', 'tag']",fez,8
@eumaria #mariaexpulsa @boninho @bbb foi agressiva ao colocar placa no Arthur.,set(),'alegria',97,[0.41],[0.05],[0.39],[0.0],[0.15],[0.0],[0.0],"['foi', 'agressiva', 'ao', 'colocar', 'placa', 'no', 'arthur']","['foi', 'agressiva', 'ao', 'colocar', 'placa', 'no', 'arthur']",vão,8
"@gabriiel_nunees Maria confirma em vídeo no quarto para Vynada e Eslomerda que agrediu Arthur
E ai @boninho @bbb 
E… https://t.co/oMdEuUD2V8",set(),'alegria',97,[0.41],[0.05],[0.39],[0.0],[0.15],[0.0],[0.0],"['e', 'maria', 'confirma', 'em', 'vídeo', 'no', 'quarto', 'para', 'vynada', 'eslomerda', 'que', 'agrediu', 'arthur', 'ai']","['e', 'maria', 'confirma', 'em', 'vídeo', 'no', 'quarto', 'para', 'vynada', 'eslomerda', 'que', 'agrediu', 'arthur', 'ai']",ser,8
"RT @Pri_Maria_: ela sabe que fez merda e ainda debocha, se fosse ao contrario ia meter uma Maria Da Penha no cara né ??? Foi agressão sim..…",set(),'alegria',97,[0.41],[0.05],[0.39],[0.0],[0.15],[0.0],[0.0],"['rt', 'ela', 'sabe', 'que', 'fez', 'merda', 'e', 'ainda', 'debocha', 'se', 'fosse', 'ao', 'contrario', 'ia', 'meter', 'uma', 'maria', 'da', 'penha', 'no', 'cara', 'né', 'foi', 'agressão', 'sim']","['rt', 'ela', 'sabe', 'que', 'fez', 'merda', 'e', 'ainda', 'debocha', 'se', 'fosse', 'ao', 'contrario', 'ia', 'meter', 'uma', 'maria', 'da', 'penha', 'no', 'cara', 'né', 'foi', 'agressão', 'sim']",plac,7
"ela sabe que fez merda e ainda debocha, se fosse ao contrario ia meter uma Maria Da Penha no cara né ??? Foi agress… https://t.co/ALrEUDpBWk",set(),'alegria',97,[0.41],[0.05],[0.39],[0.0],[0.15],[0.0],[0.0],"['ela', 'sabe', 'que', 'fez', 'merda', 'e', 'ainda', 'debocha', 'se', 'fosse', 'ao', 'contrario', 'ia', 'meter', 'uma', 'maria', 'da', 'penha', 'no', 'cara', 'né', 'foi', 'agress']","['ela', 'sabe', 'que', 'fez', 'merda', 'e', 'ainda', 'debocha', 'se', 'fosse', 'ao', 'contrario', 'ia', 'meter', 'uma', 'maria', 'da', 'penha', 'no', 'cara', 'né', 'foi', 'agress']",confirm,6
"@eumaria #mariaexpulsa 
#agressao 
#FORAMARIA 
#insuportavel 
@boninho @bbb",set(),'alegria',97,[0.41],[0.05],[0.39],[0.0],[0.15],[0.0],[0.0],[],[],pod,6
"@LumenaAleluia Maria confirma que agrediu Arthur e que só falta ser expulsa
E ai @boninho @bbb 
Ela cometeu um crim… https://t.co/OO9ZSIHWQs",set(),'alegria',97,[0.41],[0.05],[0.39],[0.0],[0.15],[0.0],[0.0],"['que', 'e', 'maria', 'confirma', 'agrediu', 'arthur', 'só', 'falta', 'ser', 'expulsa', 'ai', 'ela', 'cometeu', 'um', 'crim']","['que', 'e', 'maria', 'confirma', 'agrediu', 'arthur', 'só', 'falta', 'ser', 'expulsa', 'ai', 'ela', 'cometeu', 'um', 'crim']",vai,6
"@Dantinhas Maria lixo  confirma que agrediu medko Arthur é só falta ela ser expulsa 
E ai @boninho @bbb 
Ela comete… https://t.co/wRAgRPJWOT",set(),'alegria',97,[0.41],[0.05],[0.39],[0.0],[0.15],[0.0],[0.0],"['ela', 'maria', 'lixo', 'confirma', 'que', 'agrediu', 'medko', 'arthur', 'é', 'só', 'falta', 'ser', 'expulsa', 'e', 'ai', 'comete']","['ela', 'maria', 'lixo', 'confirma', 'que', 'agrediu', 'medko', 'arthur', 'é', 'só', 'falta', 'ser', 'expulsa', 'e', 'ai', 'comete']",pun,6
#mariaexpulsa #foramaria #bbbagressao #bbb #bbb22 #globo  #FicaArthurAguiar #FicaArthur,set(),'alegria',97,[0.41],[0.05],[0.39],[0.0],[0.15],[0.0],[0.0],[],[],coloc,6
"@rquelsilv Ha vídeo aonde a Maria lixo confirma que agrediu 
E ai @boninho @bbb 
Ela cometeu um crime de contravenç… https://t.co/R97MhrCLam",set(),'alegria',97,[0.41],[0.05],[0.39],[0.0],[0.15],[0.0],[0.0],"['ha', 'vídeo', 'aonde', 'a', 'maria', 'lixo', 'confirma', 'que', 'agrediu', 'e', 'ai', 'ela', 'cometeu', 'um', 'crime', 'de', 'contravenç']","['ha', 'vídeo', 'aonde', 'a', 'maria', 'lixo', 'confirma', 'que', 'agrediu', 'e', 'ai', 'ela', 'cometeu', 'um', 'crime', 'de', 'contravenç']",pra,6
"@raphaelrossano @webtvbrasileira  a nojenta Maria confirma que agrediu 
E ai @boninho @bbb 
Ela cometeu um crime de… https://t.co/xKDDKbU5Tw",set(),'alegria',97,[0.41],[0.05],[0.39],[0.0],[0.15],[0.0],[0.0],"['a', 'nojenta', 'maria', 'confirma', 'que', 'agrediu', 'e', 'ai', 'ela', 'cometeu', 'um', 'crime', 'de']","['a', 'nojenta', 'maria', 'confirma', 'que', 'agrediu', 'e', 'ai', 'ela', 'cometeu', 'um', 'crime', 'de']",plaq,6
"@bbb Então, sobre o caso de agressão física da Maria socando a placa na testa do Arthur, quando teremos punições he… https://t.co/wJXW6DnYOx",set(),'alegria',97,[0.41],[0.05],[0.39],[0.0],[0.15],[0.0],[0.0],"['então', 'sobre', 'o', 'caso', 'de', 'agressão', 'física', 'da', 'maria', 'socando', 'a', 'placa', 'na', 'testa', 'do', 'arthur', 'quando', 'teremos', 'punições', 'he']","['então', 'sobre', 'o', 'caso', 'de', 'agressão', 'física', 'da', 'maria', 'socando', 'a', 'placa', 'na', 'testa', 'do', 'arthur', 'quando', 'teremos', 'punições', 'he']",merec,6
@bbb Eu só quero saber quando a Maria vai ser punida por socar a placa na testa do arthur. Se fosse o Arthur que fi… https://t.co/1dxzaUmf2d,set(),'alegria',97,[0.44],[0.02],[0.44],[0.0],[0.1],[0.0],[0.0],"['a', 'arthur', 'eu', 'só', 'quero', 'saber', 'quando', 'maria', 'vai', 'ser', 'punida', 'por', 'socar', 'placa', 'na', 'testa', 'do', 'se', 'fosse', 'o', 'que', 'fi']","['a', 'arthur', 'eu', 'só', 'quero', 'saber', 'quando', 'maria', 'vai', 'ser', 'punida', 'por', 'socar', 'placa', 'na', 'testa', 'do', 'se', 'fosse', 'o', 'que', 'fi']",comet,5
"Imaginem comigo, as pessoas desmerecendo e desrespeitando o Tadeu e aí hoje a noite pá: MARIA QUEM SAI HOJE É VOCÊ,… https://t.co/3R6CQzNmjR",set(),'alegria',97,[0.41],[0.05],[0.39],[0.0],[0.15],[0.0],[0.0],"['e', 'hoje', 'imaginem', 'comigo', 'as', 'pessoas', 'desmerecendo', 'desrespeitando', 'o', 'tadeu', 'aí', 'a', 'noite', 'pá', 'maria', 'quem', 'sai', 'é', 'você']","['e', 'hoje', 'imaginem', 'comigo', 'as', 'pessoas', 'desmerecendo', 'desrespeitando', 'o', 'tadeu', 'aí', 'a', 'noite', 'pá', 'maria', 'quem', 'sai', 'é', 'você']",cabeç,5
"#MARIAEXPULSA

QUE VERGONHA!!!!

#SEFOSSEAOCONTRARIO

#BBB22 #explusa  #foramaria #bbb #ParedaoBBB #",set(),'alegria',97,[0.41],[0.05],[0.39],[0.0],[0.15],[0.0],[0.0],"['que', 'vergonha']","['que', 'vergonha']",sub,5
"@bbb #FORAMARIA #MariaExpulsa 
Vão passar pano para agressão?",set(),'alegria',97,[0.41],[0.05],[0.39],[0.0],[0.15],[0.0],[0.0],"['vão', 'passar', 'pano', 'para', 'agressão']","['vão', 'passar', 'pano', 'para', 'agressão']",contr,5
"RT @andreancamposa: E ai quem sai hoje? #BBB22
E só pra constar, #MariaExpulsa, afinal ela mesmo admitiu a agressão e a Globo não pode pass…",set(),'neutro',97,[0.26],[0.06],[0.52],[0.0],[0.14],[0.0],[0.01],"['e', 'a', 'rt', 'ai', 'quem', 'sai', 'hoje', 'só', 'pra', 'constar', 'afinal', 'ela', 'mesmo', 'admitiu', 'agressão', 'globo', 'não', 'pode', 'pass']","['e', 'a', 'rt', 'ai', 'quem', 'sai', 'hoje', 'só', 'pra', 'constar', 'afinal', 'ela', 'mesmo', 'admitiu', 'agressão', 'globo', 'não', 'pode', 'pass']",vc,5
RT @jannynhavalente: @bbb #MariaExpulsa,set(),'alegria',97,[0.41],[0.05],[0.39],[0.0],[0.15],[0.0],[0.0],['rt'],['rt'],car,5
@bbb #MariaExpulsa,set(),'alegria',97,[0.41],[0.05],[0.39],[0.0],[0.15],[0.0],[0.0],[],[],dar,5
"E ai quem sai hoje? #BBB22
E só pra constar, #MariaExpulsa, afinal ela mesmo admitiu a agressão e a Globo não pode… https://t.co/gDm7LnJDTP",set(),'neutro',97,[0.26],[0.06],[0.52],[0.0],[0.14],[0.0],[0.01],"['e', 'a', 'ai', 'quem', 'sai', 'hoje', 'só', 'pra', 'constar', 'afinal', 'ela', 'mesmo', 'admitiu', 'agressão', 'globo', 'não', 'pode']","['e', 'a', 'ai', 'quem', 'sai', 'hoje', 'só', 'pra', 'constar', 'afinal', 'ela', 'mesmo', 'admitiu', 'agressão', 'globo', 'não', 'pode']",crim,4
@Aguiarthur @Aguiarthur ADM Maria confessa que deu uma lapada na testa do Arthur e vcs não vão falar nada? Por muit… https://t.co/SnARaOHKnK,set(),'neutro',97,[0.07],[0.03],[0.76],[0.0],[0.12],[0.0],[0.01],"['adm', 'maria', 'confessa', 'que', 'deu', 'uma', 'lapada', 'na', 'testa', 'do', 'arthur', 'e', 'vcs', 'não', 'vão', 'falar', 'nada', 'por', 'muit']","['adm', 'maria', 'confessa', 'que', 'deu', 'uma', 'lapada', 'na', 'testa', 'do', 'arthur', 'e', 'vcs', 'não', 'vão', 'falar', 'nada', 'por', 'muit']",q,4
@bbb @boninho #FORAMARIA #MariaMereceExpulsao #MariaExpulsa o que ela fez no Arthur aí colocar a plaquinha MERECE S… https://t.co/EAyTy7WpDz,set(),'alegria',97,[0.41],[0.05],[0.39],[0.0],[0.15],[0.0],[0.0],"['o', 'que', 'ela', 'fez', 'no', 'arthur', 'aí', 'colocar', 'a', 'plaquinha', 'merece', 's']","['o', 'que', 'ela', 'fez', 'no', 'arthur', 'aí', 'colocar', 'a', 'plaquinha', 'merece', 's']",aí,4
@Itspedrito Maria colocou placa no Arthur com agressividade! @boninho #BBB22 #FORAMARIA #BBB222 #MariaExpulsa @bbb,set(),'alegria',97,[0.41],[0.05],[0.39],[0.0],[0.15],[0.0],[0.0],"['maria', 'colocou', 'placa', 'no', 'arthur', 'com', 'agressividade']","['maria', 'colocou', 'placa', 'no', 'arthur', 'com', 'agressividade']",né,4
A tapa foi agressão sim. Maria descontou a raiva na plaquinha e empurrou o Arthur. Sério que vcs não vão se posicio… https://t.co/xABp7mc1S1,set(),'alegria',97,[0.41],[0.05],[0.39],[0.0],[0.15],[0.0],[0.0],"['a', 'tapa', 'foi', 'agressão', 'sim', 'maria', 'descontou', 'raiva', 'na', 'plaquinha', 'e', 'empurrou', 'o', 'arthur', 'sério', 'que', 'vcs', 'não', 'vão', 'se', 'posicio']","['a', 'tapa', 'foi', 'agressão', 'sim', 'maria', 'descontou', 'raiva', 'na', 'plaquinha', 'e', 'empurrou', 'o', 'arthur', 'sério', 'que', 'vcs', 'não', 'vão', 'se', 'posicio']",sab,4
"Já pensou acordar com a notícia de que a Maria foi expulsa?

#bbb #bbb22 #foramaria #mariaexpulsa",set(),'alegria',97,[0.41],[0.05],[0.39],[0.0],[0.15],[0.0],[0.0],"['a', 'já', 'pensou', 'acordar', 'com', 'notícia', 'de', 'que', 'maria', 'foi', 'expulsa']","['a', 'já', 'pensou', 'acordar', 'com', 'notícia', 'de', 'que', 'maria', 'foi', 'expulsa']",pesso,4
"Acho que até a torcida da Maria tá querendo que ela seja expulsa.

#bbb #bbb22 #mariaexpulsa",set(),'alegria',97,[0.41],[0.05],[0.39],[0.0],[0.15],[0.0],[0.0],"['que', 'acho', 'até', 'a', 'torcida', 'da', 'maria', 'tá', 'querendo', 'ela', 'seja', 'expulsa']","['que', 'acho', 'até', 'a', 'torcida', 'da', 'maria', 'tá', 'querendo', 'ela', 'seja', 'expulsa']",fal,4
"TOMARA QUE SEJA MESMO!

Mal educada.
Se acha a apresentadora do programa.
So sabe dar a xereca mal lavada la dentro… https://t.co/5c99xRsIUi",set(),'neutro',97,[0.26],[0.06],[0.52],[0.0],[0.14],[0.0],[0.01],"['mal', 'a', 'tomara', 'que', 'seja', 'mesmo', 'educada', 'se', 'acha', 'apresentadora', 'do', 'programa', 'so', 'sabe', 'dar', 'xereca', 'lavada', 'la', 'dentro']","['mal', 'a', 'tomara', 'que', 'seja', 'mesmo', 'educada', 'se', 'acha', 'apresentadora', 'do', 'programa', 'so', 'sabe', 'dar', 'xereca', 'lavada', 'la', 'dentro']",ach,4
"@bbb @boninho #mariaexpulsa
Se o Arthur tivesse tacado a placa do mesmo jeito na testa da Maria, já teria Polícia no projac.",set(),'alegria',97,[0.41],[0.05],[0.39],[0.0],[0.15],[0.0],[0.0],"['se', 'o', 'arthur', 'tivesse', 'tacado', 'a', 'placa', 'do', 'mesmo', 'jeito', 'na', 'testa', 'da', 'maria', 'já', 'teria', 'polícia', 'no', 'projac']","['se', 'o', 'arthur', 'tivesse', 'tacado', 'a', 'placa', 'do', 'mesmo', 'jeito', 'na', 'testa', 'da', 'maria', 'já', 'teria', 'polícia', 'no', 'projac']",tá,4
@Aguiarthur #agressão #agressao #Maria #Bbb #MariaExpulsa,set(),'alegria',97,[0.41],[0.05],[0.39],[0.0],[0.15],[0.0],[0.0],[],[],bat,4
@CrissPaiva #foiagressao #mariaexpulsa @bbb,set(),'alegria',97,[0.41],[0.05],[0.39],[0.0],[0.15],[0.0],[0.0],[],[],forç,4
Se fosse ele que tinha feito com ela vocês expulsava ele na hora né @boninho @bbb  #Mariaexpulsa,set(),'alegria',97,[0.41],[0.05],[0.39],[0.0],[0.15],[0.0],[0.0],"['ele', 'se', 'fosse', 'que', 'tinha', 'feito', 'com', 'ela', 'vocês', 'expulsava', 'na', 'hora', 'né']","['ele', 'se', 'fosse', 'que', 'tinha', 'feito', 'com', 'ela', 'vocês', 'expulsava', 'na', 'hora', 'né']",víde,3
@comentsfofoca @boninho @tadeuschmidt @bbb #mariaexpulsa,set(),'alegria',97,[0.41],[0.05],[0.39],[0.0],[0.15],[0.0],[0.0],[],[],lix,3
@boninho @tadeuschmidt @bbb Maria merece ser expulsa #mariaexpulsa,set(),'alegria',97,[0.41],[0.05],[0.39],[0.0],[0.15],[0.0],[0.0],"['maria', 'merece', 'ser', 'expulsa']","['maria', 'merece', 'ser', 'expulsa']",empurr,3
"@bbb ELA AGREDIU, SE FOSSE O CONTRÁRIO ERA PROCESSO E CADEIA. #mariaexpulsa",set(),'alegria',97,[0.41],[0.05],[0.39],[0.0],[0.15],[0.0],[0.0],"['ela', 'agrediu', 'se', 'fosse', 'o', 'contrário', 'era', 'processo', 'e', 'cadeia']","['ela', 'agrediu', 'se', 'fosse', 'o', 'contrário', 'era', 'processo', 'e', 'cadeia']",deu,3
@bbb #mariaexpulsa,set(),'alegria',97,[0.41],[0.05],[0.39],[0.0],[0.15],[0.0],[0.0],[],[],deboch,3
@bbb #mariaexpulsa,set(),'alegria',97,[0.41],[0.05],[0.39],[0.0],[0.15],[0.0],[0.0],[],[],aind,3
@bbb #mariaexpulsa,set(),'alegria',97,[0.41],[0.05],[0.39],[0.0],[0.15],[0.0],[0.0],[],[],cas,3
@bbb #mariaexpulsa,set(),'alegria',97,[0.41],[0.05],[0.39],[0.0],[0.15],[0.0],[0.0],[],[],penh,3
@boninho Tá liberado agressão no BBB? PQ O QUE MARIA FEZ FOI AGRESSÃO E SE FOSSE O CONTRÁRIO ERA CASO DE POLÍCIA. #mariaexpulsa,set(),'alegria',97,[0.41],[0.05],[0.39],[0.0],[0.15],[0.0],[0.0],"['agressão', 'o', 'tá', 'liberado', 'no', 'bbb', 'pq', 'que', 'maria', 'fez', 'foi', 'e', 'se', 'fosse', 'contrário', 'era', 'caso', 'de', 'polícia']","['agressão', 'o', 'tá', 'liberado', 'no', 'bbb', 'pq', 'que', 'maria', 'fez', 'foi', 'e', 'se', 'fosse', 'contrário', 'era', 'caso', 'de', 'polícia']",sobr,3
@bbb #mariaexpulsa,set(),'alegria',97,[0.41],[0.05],[0.39],[0.0],[0.15],[0.0],[0.0],[],[],ter,3
"@KellVila Agressiva e a produto do BBB Cadê????? @bbb 
#foiagressao #mariaexpulsa",set(),'alegria',97,[0.41],[0.05],[0.39],[0.0],[0.15],[0.0],[0.0],"['agressiva', 'e', 'a', 'produto', 'do', 'bbb', 'cadê']","['agressiva', 'e', 'a', 'produto', 'do', 'bbb', 'cadê']",gent,3
RT @idalecyo_lima: OBJETIVO DO JOGO ERA COLOCAR A PLAQUINHA NA TESTA DO COLEGA NÃO ENFIAR DENTRO FOI AGRESSIVO A CABEÇA DO CARA FOI PRA TRÁ…,set(),'alegria',97,[0.41],[0.05],[0.39],[0.0],[0.15],[0.0],[0.0],"['do', 'a', 'foi', 'rt', 'objetivo', 'jogo', 'era', 'colocar', 'plaquinha', 'na', 'testa', 'colega', 'não', 'enfiar', 'dentro', 'agressivo', 'cabeça', 'cara', 'pra', 'trá']","['do', 'a', 'foi', 'rt', 'objetivo', 'jogo', 'era', 'colocar', 'plaquinha', 'na', 'testa', 'colega', 'não', 'enfiar', 'dentro', 'agressivo', 'cabeça', 'cara', 'pra', 'trá']",met,3
@bbb #mariaexpulsa,set(),'alegria',97,[0.41],[0.05],[0.39],[0.0],[0.15],[0.0],[0.0],[],[],sim,3
"@bbb E é o tapa que Maria deu na testa do arthur???? 
Será que vai passar em branco?
#mariaexpulsa",set(),'alegria',97,[0.41],[0.05],[0.39],[0.0],[0.15],[0.0],[0.0],"['que', 'e', 'é', 'o', 'tapa', 'maria', 'deu', 'na', 'testa', 'do', 'arthur', 'será', 'vai', 'passar', 'em', 'branco']","['que', 'e', 'é', 'o', 'tapa', 'maria', 'deu', 'na', 'testa', 'do', 'arthur', 'será', 'vai', 'passar', 'em', 'branco']",agres,3
OBJETIVO DO JOGO ERA COLOCAR A PLAQUINHA NA TESTA DO COLEGA NÃO ENFIAR DENTRO FOI AGRESSIVO A CABEÇA DO CARA FOI PR… https://t.co/MtU2gM9NS6,set(),'alegria',97,[0.41],[0.05],[0.39],[0.0],[0.15],[0.0],[0.0],"['do', 'a', 'foi', 'objetivo', 'jogo', 'era', 'colocar', 'plaquinha', 'na', 'testa', 'colega', 'não', 'enfiar', 'dentro', 'agressivo', 'cabeça', 'cara', 'pr']","['do', 'a', 'foi', 'objetivo', 'jogo', 'era', 'colocar', 'plaquinha', 'na', 'testa', 'colega', 'não', 'enfiar', 'dentro', 'agressivo', 'cabeça', 'cara', 'pr']",soc,3
#mariaexpulsa agressiva #BBB22 #globo @boninho @tvglobo @bbb,set(),'alegria',97,[0.41],[0.05],[0.39],[0.0],[0.15],[0.0],[0.0],['agressiva'],['agressiva'],quer,3
@KellVila #mariaExpulsa. @bbb isso é inadmissível. Isso é AGRESSÃO.,set(),'alegria',97,[0.41],[0.05],[0.39],[0.0],[0.15],[0.0],[0.0],"['isso', 'é', 'inadmissível', 'agressão']","['isso', 'é', 'inadmissível', 'agressão']",hoj,3
Alooo bbb tem que ser visto isso #MariaExpulsa,set(),'alegria',97,[0.41],[0.05],[0.39],[0.0],[0.15],[0.0],[0.0],"['alooo', 'bbb', 'tem', 'que', 'ser', 'visto', 'isso']","['alooo', 'bbb', 'tem', 'que', 'ser', 'visto', 'isso']",sai,3
@bbb Dona Maria agressora! #mariaexpulsa,set(),'alegria',97,[0.41],[0.05],[0.39],[0.0],[0.15],[0.0],[0.0],"['dona', 'maria', 'agressora']","['dona', 'maria', 'agressora']",nad,3
"Maria agressora, tanto nas palavras quanto nas atitudes.. #mariaexpulsa #bbb22 @boninho faz alguma coisa @bbb",set(),'neutro',97,[0.16],[0.07],[0.63],[0.0],[0.12],[0.0],[0.01],"['nas', 'maria', 'agressora', 'tanto', 'palavras', 'quanto', 'atitudes', 'faz', 'alguma', 'coisa']","['nas', 'maria', 'agressora', 'tanto', 'palavras', 'quanto', 'atitudes', 'faz', 'alguma', 'coisa']",dentr,3
@oestagiario Falou tudo!!!! ELA AGREDIU AO VIVO E TADEU NÃO FALOU NADA!!!! #MARIAEXPULSA #FORAMARIA #BBB,set(),'raiva',97,[0.26],[0.06],[0.25],[0.0],[0.42],[0.0],[0.01],"['falou', 'tudo', 'ela', 'agrediu', 'ao', 'vivo', 'e', 'tadeu', 'não', 'nada']","['falou', 'tudo', 'ela', 'agrediu', 'ao', 'vivo', 'e', 'tadeu', 'não', 'nada']",deix,3
"Alguém deixa a esposa do Arthur entrar e da uma plaquinha na testa dele , deixa #bbb #MariaExpulsa",set(),'alegria',97,[0.41],[0.05],[0.39],[0.0],[0.15],[0.0],[0.0],"['deixa', 'alguém', 'a', 'esposa', 'do', 'arthur', 'entrar', 'e', 'da', 'uma', 'plaquinha', 'na', 'testa', 'dele']","['deixa', 'alguém', 'a', 'esposa', 'do', 'arthur', 'entrar', 'e', 'da', 'uma', 'plaquinha', 'na', 'testa', 'dele']",esper,3
"Essa criatura é descontrolada, sem argumentos e agressiva, uma humana insensível, se fosse o contrário o Arthur est… https://t.co/pDofagFgE2",set(),'alegria',97,[0.41],[0.05],[0.39],[0.0],[0.15],[0.0],[0.0],"['o', 'essa', 'criatura', 'é', 'descontrolada', 'sem', 'argumentos', 'e', 'agressiva', 'uma', 'humana', 'insensível', 'se', 'fosse', 'contrário', 'arthur', 'est']","['o', 'essa', 'criatura', 'é', 'descontrolada', 'sem', 'argumentos', 'e', 'agressiva', 'uma', 'humana', 'insensível', 'se', 'fosse', 'contrário', 'arthur', 'est']",desd,3
"RT @Thaysranielle: @bbb Espero que seja punida. 
#mariaexpulsa #FORAMARIA",set(),'alegria',97,[0.41],[0.05],[0.39],[0.0],[0.15],[0.0],[0.0],"['rt', 'espero', 'que', 'seja', 'punida']","['rt', 'espero', 'que', 'seja', 'punida']",únic,3
"RT @Thaysranielle: @bbb Espero que seja punida. 
#mariaexpulsa #FORAMARIA",set(),'alegria',97,[0.41],[0.05],[0.39],[0.0],[0.15],[0.0],[0.0],"['rt', 'espero', 'que', 'seja', 'punida']","['rt', 'espero', 'que', 'seja', 'punida']",desequilibr,3
"@bbb Espero que seja punida. 
#mariaexpulsa #FORAMARIA",set(),'alegria',97,[0.41],[0.05],[0.39],[0.0],[0.15],[0.0],[0.0],"['espero', 'que', 'seja', 'punida']","['espero', 'que', 'seja', 'punida']",total,3
ACHEI PIOR QUE OS 16 CHIFRES #MARIAEXPULSA #BBB https://t.co/CcBbiT4w9f,set(),'alegria',97,[0.41],[0.05],[0.39],[0.0],[0.15],[0.0],[0.0],"['achei', 'pior', 'que', 'os', 'chifres']","['achei', 'pior', 'que', 'os', 'chifres']",aplic,3
RT @SETHC0HN: desde quando pode bater no bbb @boninho ? a maria dar aquele tapão no arthur pode? #MariaExpulsa,set(),'alegria',97,[0.41],[0.05],[0.39],[0.0],[0.15],[0.0],[0.0],"['pode', 'no', 'rt', 'desde', 'quando', 'bater', 'bbb', 'a', 'maria', 'dar', 'aquele', 'tapão', 'arthur']","['pode', 'no', 'rt', 'desde', 'quando', 'bater', 'bbb', 'a', 'maria', 'dar', 'aquele', 'tapão', 'arthur']",ha,2
RT @SETHC0HN: desde quando pode bater no bbb @boninho ? a maria dar aquele tapão no arthur pode? #MariaExpulsa,set(),'alegria',97,[0.41],[0.05],[0.39],[0.0],[0.15],[0.0],[0.0],"['pode', 'no', 'rt', 'desde', 'quando', 'bater', 'bbb', 'a', 'maria', 'dar', 'aquele', 'tapão', 'arthur']","['pode', 'no', 'rt', 'desde', 'quando', 'bater', 'bbb', 'a', 'maria', 'dar', 'aquele', 'tapão', 'arthur']",aond,2
Pra mim a forma forte q a Maria colocou a placa foi agressão física. Até pq o velcro não precisa de força pra colar… https://t.co/r9pjkszAdu,set(),'neutro',97,[0.11],[0.03],[0.79],[0.0],[0.06],[0.0],[0.0],"['a', 'pra', 'mim', 'forma', 'forte', 'q', 'maria', 'colocou', 'placa', 'foi', 'agressão', 'física', 'até', 'pq', 'o', 'velcro', 'não', 'precisa', 'de', 'força', 'colar']","['a', 'pra', 'mim', 'forma', 'forte', 'q', 'maria', 'colocou', 'placa', 'foi', 'agressão', 'física', 'até', 'pq', 'o', 'velcro', 'não', 'precisa', 'de', 'força', 'colar']",palhaç,2
"@patrickmortis Arthur tá tendo uma paciência que eu não teria. O cara não deixa ninguém falar, só quer dar lição de… https://t.co/ocEDbPetO4",set(),'alegria',97,[0.41],[0.05],[0.39],[0.0],[0.15],[0.0],[0.0],"['não', 'arthur', 'tá', 'tendo', 'uma', 'paciência', 'que', 'eu', 'teria', 'o', 'cara', 'deixa', 'ninguém', 'falar', 'só', 'quer', 'dar', 'lição', 'de']","['não', 'arthur', 'tá', 'tendo', 'uma', 'paciência', 'que', 'eu', 'teria', 'o', 'cara', 'deixa', 'ninguém', 'falar', 'só', 'quer', 'dar', 'lição', 'de']",agui,2
"RT @_Soneeca: Maria merece ser expulsa! Desequilibrada total! Foi a única que fez isso, 18 pessoas e a única que aplicou força! #BBB22 #bbb…",set(),'alegria',97,[0.41],[0.05],[0.39],[0.0],[0.15],[0.0],[0.0],"['a', 'única', 'que', 'rt', 'maria', 'merece', 'ser', 'expulsa', 'desequilibrada', 'total', 'foi', 'fez', 'isso', 'pessoas', 'e', 'aplicou', 'força']","['a', 'única', 'que', 'rt', 'maria', 'merece', 'ser', 'expulsa', 'desequilibrada', 'total', 'foi', 'fez', 'isso', 'pessoas', 'e', 'aplicou', 'força']",engraç,2
"RT @_Soneeca: Maria merece ser expulsa! Desequilibrada total! Foi a única que fez isso, 18 pessoas e a única que aplicou força! #BBB22 #bbb…",set(),'alegria',97,[0.41],[0.05],[0.39],[0.0],[0.15],[0.0],[0.0],"['a', 'única', 'que', 'rt', 'maria', 'merece', 'ser', 'expulsa', 'desequilibrada', 'total', 'foi', 'fez', 'isso', 'pessoas', 'e', 'aplicou', 'força']","['a', 'única', 'que', 'rt', 'maria', 'merece', 'ser', 'expulsa', 'desequilibrada', 'total', 'foi', 'fez', 'isso', 'pessoas', 'e', 'aplicou', 'força']",ganh,2
"RT @GiihAmorim2: Vão dizer que não foi? #foiagressao #mariaexpulsa 

#bbb Q ódio Jessica Eslovenia o Arthur maria #BBB22 https://t.co/kB1C8…",set(),'alegria',97,[0.41],[0.05],[0.39],[0.0],[0.15],[0.0],[0.0],"['rt', 'vão', 'dizer', 'que', 'não', 'foi', 'q', 'ódio', 'jessica', 'eslovenia', 'o', 'arthur', 'maria']","['rt', 'vão', 'dizer', 'que', 'não', 'foi', 'q', 'ódio', 'jessica', 'eslovenia', 'o', 'arthur', 'maria']",qu,2
"É isso mesmo gente, tô envolvida com esse bbb ridículo e aqui nessa rede social vai ter muito comentário sobre.
Desculpa 
#mariaexpulsa",set(),'raiva',97,[0.14],[0.06],[0.29],[0.0],[0.5],[0.0],[0.01],"['é', 'isso', 'mesmo', 'gente', 'tô', 'envolvida', 'com', 'esse', 'bbb', 'ridículo', 'e', 'aqui', 'nessa', 'rede', 'social', 'vai', 'ter', 'muito', 'comentário', 'sobre', 'desculpa']","['é', 'isso', 'mesmo', 'gente', 'tô', 'envolvida', 'com', 'esse', 'bbb', 'ridículo', 'e', 'aqui', 'nessa', 'rede', 'social', 'vai', 'ter', 'muito', 'comentário', 'sobre', 'desculpa']",pi,2
"@sincera_bbb Boniho bota o cropped e reagi, isso foi agressão. #agreçao #Mariaexpulsa",set(),'alegria',97,[0.41],[0.05],[0.39],[0.0],[0.15],[0.0],[0.0],"['boniho', 'bota', 'o', 'cropped', 'e', 'reagi', 'isso', 'foi', 'agressão']","['boniho', 'bota', 'o', 'cropped', 'e', 'reagi', 'isso', 'foi', 'agressão']",tom,2
"@132511gio @rapha_basilio @bbb @boninho Boniho bota o cropped e reagi, isso foi agressão. #agreçao #Mariaexpulsa",set(),'alegria',97,[0.41],[0.05],[0.39],[0.0],[0.15],[0.0],[0.0],"['boniho', 'bota', 'o', 'cropped', 'e', 'reagi', 'isso', 'foi', 'agressão']","['boniho', 'bota', 'o', 'cropped', 'e', 'reagi', 'isso', 'foi', 'agressão']",tac,2
#MariaExpulsa haha #bbb #bbb22 #jogodadiscordia https://t.co/rvCZxFzw5g,set(),'alegria',97,[0.41],[0.05],[0.39],[0.0],[0.15],[0.0],[0.0],['haha'],['haha'],tag,2
"Acho que tem que ter o #MARIAEXPULSA

Ridícula essa Maria bbb bbb22 podre da teu show o Arthur jade",set(),'alegria',97,[0.41],[0.05],[0.39],[0.0],[0.15],[0.0],[0.0],"['que', 'o', 'bbb', 'acho', 'tem', 'ter', 'ridícula', 'essa', 'maria', 'podre', 'da', 'teu', 'show', 'arthur', 'jade']","['que', 'o', 'bbb', 'acho', 'tem', 'ter', 'ridícula', 'essa', 'maria', 'podre', 'da', 'teu', 'show', 'arthur', 'jade']",merd,2
"Vão dizer que não foi? #foiagressao #mariaexpulsa 

#bbb Q ódio Jessica Eslovenia o Arthur maria #BBB22 https://t.co/kB1C83sw6e",set(),'alegria',97,[0.41],[0.05],[0.39],[0.0],[0.15],[0.0],[0.0],"['vão', 'dizer', 'que', 'não', 'foi', 'q', 'ódio', 'jessica', 'eslovenia', 'o', 'arthur', 'maria']","['vão', 'dizer', 'que', 'não', 'foi', 'q', 'ódio', 'jessica', 'eslovenia', 'o', 'arthur', 'maria']",contrari,2
"Alô @tvglobo @boninho @bbb regra existe não, agressão não é expulsão ou a regra é seletiva? #foramaria #Maria… https://t.co/Ct5MmXl1JJ",set(),'alegria',97,[0.41],[0.05],[0.39],[0.0],[0.15],[0.0],[0.0],"['regra', 'não', 'é', 'alô', 'existe', 'agressão', 'expulsão', 'ou', 'a', 'seletiva']","['regra', 'não', 'é', 'alô', 'existe', 'agressão', 'expulsão', 'ou', 'a', 'seletiva']",ia,2
@Adlaine9 Temos que subir a # maria expulsa! Alguma coisa #Mariaexpulsa #foramaria,set(),'neutro',97,[0.26],[0.06],[0.52],[0.0],[0.14],[0.0],[0.01],"['temos', 'que', 'subir', 'a', 'maria', 'expulsa', 'alguma', 'coisa']","['temos', 'que', 'subir', 'a', 'maria', 'expulsa', 'alguma', 'coisa']",falt,2
"Maria merece ser expulsa! Desequilibrada total! Foi a única que fez isso, 18 pessoas e a única que aplicou força!… https://t.co/KrFpoO2uv2",set(),'alegria',97,[0.41],[0.05],[0.39],[0.0],[0.15],[0.0],[0.0],"['a', 'única', 'que', 'maria', 'merece', 'ser', 'expulsa', 'desequilibrada', 'total', 'foi', 'fez', 'isso', 'pessoas', 'e', 'aplicou', 'força']","['a', 'única', 'que', 'maria', 'merece', 'ser', 'expulsa', 'desequilibrada', 'total', 'foi', 'fez', 'isso', 'pessoas', 'e', 'aplicou', 'força']",físic,2
"Deixe seu ♡ se a Maria do #BBB22  merece a  #mariaexpulsa .
Super apoio hein.

#bbb
@bbb",set(),'alegria',97,[0.41],[0.05],[0.39],[0.0],[0.15],[0.0],[0.0],"['a', 'deixe', 'seu', 'se', 'maria', 'do', 'merece', 'super', 'apoio', 'hein']","['a', 'deixe', 'seu', 'se', 'maria', 'do', 'merece', 'super', 'apoio', 'hein']",tad,2
"Foi agressivo sim. 
Além de gratuito e desnecessário. 
#mariaexpulsa @boninho @Aguiarthur 

BBB https://t.co/m48GwMkq9u",set(),'alegria',97,[0.33],[0.16],[0.32],[0.0],[0.18],[0.0],[0.01],"['foi', 'agressivo', 'sim', 'além', 'de', 'gratuito', 'e', 'desnecessário', 'bbb']","['foi', 'agressivo', 'sim', 'além', 'de', 'gratuito', 'e', 'desnecessário', 'bbb']",pass,2
PORRA SCOOBY VC que foi pego pra cristo???????????? escroto do caralho QUERO O ARTHUR ELIMINANDO UM A UM #redebbb… https://t.co/irmWZpAFSR,set(),'alegria',97,[0.41],[0.05],[0.39],[0.0],[0.15],[0.0],[0.0],"['um', 'porra', 'scooby', 'vc', 'que', 'foi', 'pego', 'pra', 'cristo', 'escroto', 'do', 'caralho', 'quero', 'o', 'arthur', 'eliminando', 'a']","['um', 'porra', 'scooby', 'vc', 'que', 'foi', 'pego', 'pra', 'cristo', 'escroto', 'do', 'caralho', 'quero', 'o', 'arthur', 'eliminando', 'a']",const,2
RT @diegoschueng: Gente a Maria meteu o maior tapão não testa do Arthur! Kkkkkk #BBB22 já vou puxar um #MariaExpulsa,set(),'alegria',97,[0.41],[0.05],[0.39],[0.0],[0.15],[0.0],[0.0],"['rt', 'gente', 'a', 'maria', 'meteu', 'o', 'maior', 'tapão', 'não', 'testa', 'do', 'arthur', 'kkkkkk', 'já', 'vou', 'puxar', 'um']","['rt', 'gente', 'a', 'maria', 'meteu', 'o', 'maior', 'tapão', 'não', 'testa', 'do', 'arthur', 'kkkkkk', 'já', 'vou', 'puxar', 'um']",afinal,2
maria agrediu o arthur com a plaquinha #mariaexpulsa #redebbb #bbb22 #bbb,set(),'alegria',97,[0.41],[0.05],[0.39],[0.0],[0.15],[0.0],[0.0],"['maria', 'agrediu', 'o', 'arthur', 'com', 'a', 'plaquinha']","['maria', 'agrediu', 'o', 'arthur', 'com', 'a', 'plaquinha']",admit,2
RT @AJEntertainme12: Maria Expulsa! Ela agrediu o Arthur Agora! #MARIAEXPULSA #BbB22 #bbb #ForaMaria,set(),'alegria',97,[0.41],[0.05],[0.39],[0.0],[0.15],[0.0],[0.0],"['rt', 'maria', 'expulsa', 'ela', 'agrediu', 'o', 'arthur', 'agora']","['rt', 'maria', 'expulsa', 'ela', 'agrediu', 'o', 'arthur', 'agora']",glob,2
desde quando pode bater no bbb @boninho ? a maria dar aquele tapão no arthur pode? #MariaExpulsa,set(),'alegria',97,[0.41],[0.05],[0.39],[0.0],[0.15],[0.0],[0.0],"['pode', 'no', 'desde', 'quando', 'bater', 'bbb', 'a', 'maria', 'dar', 'aquele', 'tapão', 'arthur']","['pode', 'no', 'desde', 'quando', 'bater', 'bbb', 'a', 'maria', 'dar', 'aquele', 'tapão', 'arthur']",políci,2
"@luscas #MariaExpulsa 
@boninho @bbb",set(),'alegria',97,[0.41],[0.05],[0.39],[0.0],[0.15],[0.0],[0.0],[],[],pq,2
"5 minutos de fala e já subiram #MariaExpulsa 

Isso é BBB!!!",set(),'alegria',97,[0.41],[0.05],[0.39],[0.0],[0.15],[0.0],[0.0],"['minutos', 'de', 'fala', 'e', 'já', 'subiram', 'isso', 'é', 'bbb']","['minutos', 'de', 'fala', 'e', 'já', 'subiram', 'isso', 'é', 'bbb']",obje,2
#MariaExpulsa pô @bbb a Maria tá toda engraçadinha com esse tapa e não vai fazer nada? E se fosse ao contrário? Fariam?,set(),'alegria',97,[0.39],[0.09],[0.2],[0.0],[0.31],[0.0],[0.01],"['e', 'pô', 'a', 'maria', 'tá', 'toda', 'engraçadinha', 'com', 'esse', 'tapa', 'não', 'vai', 'fazer', 'nada', 'se', 'fosse', 'ao', 'contrário', 'fariam']","['e', 'pô', 'a', 'maria', 'tá', 'toda', 'engraçadinha', 'com', 'esse', 'tapa', 'não', 'vai', 'fazer', 'nada', 'se', 'fosse', 'ao', 'contrário', 'fariam']",jog,2
#MariaExpulsa #Agressora #BBB,set(),'alegria',97,[0.41],[0.05],[0.39],[0.0],[0.15],[0.0],[0.0],[],[],coleg,2
Maria Expulsa! Ela agrediu o Arthur Agora! #MARIAEXPULSA #BbB22 #bbb #ForaMaria,set(),'alegria',97,[0.41],[0.05],[0.39],[0.0],[0.15],[0.0],[0.0],"['maria', 'expulsa', 'ela', 'agrediu', 'o', 'arthur', 'agora']","['maria', 'expulsa', 'ela', 'agrediu', 'o', 'arthur', 'agora']",enfi,2
"Maria batendo na cabeça do Arthur pra mim é agressão 
#mariaexpulsa #bbb",set(),'neutro',97,[0.11],[0.03],[0.79],[0.0],[0.06],[0.0],[0.0],"['maria', 'batendo', 'na', 'cabeça', 'do', 'arthur', 'pra', 'mim', 'é', 'agressão']","['maria', 'batendo', 'na', 'cabeça', 'do', 'arthur', 'pra', 'mim', 'é', 'agressão']",faz,2
