Tweet,Emojis,SentimentML,Alegria,Medo,Neutro,Nojo,Raiva,Tristeza,Alias,Frequencias,Frequency,Count
"RT @cariocaaa33: Douglas simplesmente tirou todos os homens e deixou Arthur Aguiar com 10 mulheres, mais uma prova de resist√™ncia pro nosso‚Ä¶",set(),'alegria',[0.5],[0.01],[0.32],[0.0],[0.16],[0.01],[0.0],"['rt', 'douglas', 'simplesmente', 'tirou', 'todos', 'os', 'homens', 'e', 'deixou', 'arthur', 'aguiar', 'com', 'mulheres', 'mais', 'uma', 'prova', 'de', 'resist√™ncia', 'pro']","[': 89', 'rt: 13', 'arthur: 12', 'agui: 12', 'tod: 9', 'aguiarthur: 9', 'mulh: 6', 'mayr: 5', 'card: 5', 'tir: 4', 'hom: 4', 'fatouofic: 4', 'nft: 4', 'papel: 4', 'mund: 4', 'acess: 4', 'dougl: 3', 'simples: 3', 'deix: 3', 'prov: 3', 'resist: 3', 'pro: 3', 'adm: 3', 'faz: 2', 'olh: 2', 'bonit: 1', 'deu: 1', 'car: 1', 'concentr: 1', 'escut: 1', 'explic: 1', 'moel: 1', 'lind: 1', 'ifzrsi: 1', 'surr: 1', 'bem: 1', 'dad: 1', 'pod: 1', 'ver: 1', 'qu: 1', 'tra: 1', 'far: 1', 'sac: 1', 'mai: 1', 'ta: 1', 'academ: 1', 'q: 1', 'fof: 1', 'fiel: 1', 'seg: 1', 'favor: 1', '√∫nic: 1', 'cois: 1', 't: 1', 'pess: 1', 't√£o: 1', 'pass: 1', 'aq: 1', 'xep: 1', 'gent: 1', 's√©ri: 1', 't√°: 1', 'tent: 1', 'destin: 1', 'trai√ßo: 1', 'jjonasbrotherz: 1', 'vip: 1', 'vai: 1', 'justi√ß: 1', 'cham: 1']",21.0
"RT @Aguiarthur: Que homem bonito, meu Deus ü•µ https://t.co/CIbKx5i8AF",{'ü•µ'},'alegria',[0.5],[0.01],[0.32],[0.0],[0.16],[0.01],[0.0],"['rt', 'aguiarthur', 'que', 'homem', 'bonito', 'meu', 'deus', 'https']",,
RT @Aguiarthur: A carinha concentrado escutando a explica√ß√£o de como se faz moela #BBB22 https://t.co/fkJPlCqJTp,set(),'alegria',[0.5],[0.01],[0.32],[0.0],[0.16],[0.01],[0.0],"['a', 'rt', 'aguiarthur', 'carinha', 'concentrado', 'escutando', 'explica√ß√£o', 'de', 'como', 'se', 'faz', 'moela', 'https']",,
@Aguiarthur lindinho https://t.co/7e8MgFwyAj,set(),'alegria',[0.5],[0.01],[0.32],[0.0],[0.16],[0.01],[0.0],"['aguiarthur', 'lindinho', 'https']",,
RT @ifzrsie: a surra bem dada no arthur aguiar que n√£o pode ver uma mulher que j√° quer trair,set(),'alegria',[0.5],[0.01],[0.32],[0.0],[0.16],[0.01],[0.0],"['que', 'rt', 'ifzrsie', 'a', 'surra', 'bem', 'dada', 'no', 'arthur', 'aguiar', 'n√£o', 'pode', 'ver', 'uma', 'mulher', 'j√°', 'quer', 'trair']",,
@maceta_monni Mayra cardi √© Arthur Aguiar farinha do mesmo saco,set(),'alegria',[0.5],[0.01],[0.32],[0.0],[0.16],[0.01],[0.0],"['mayra', 'cardi', '√©', 'arthur', 'aguiar', 'farinha', 'do', 'mesmo', 'saco']",,
"RT @fatouoficial: O Arthur Aguiar √© o NFT da Mayra Cardi. √â dela no papel, mas todo mundo tem acesso",set(),'raiva',[0.35],[0.01],[0.26],[0.0],[0.36],[0.01],[0.0],"['o', '√©', 'rt', 'fatouoficial', 'arthur', 'aguiar', 'nft', 'da', 'mayra', 'cardi', 'dela', 'no', 'papel', 'mas', 'todo', 'mundo', 'tem', 'acesso']",,
@Aguiarthur o maior https://t.co/nCrClUkG6S,set(),'alegria',[0.5],[0.01],[0.32],[0.0],[0.16],[0.01],[0.0],"['aguiarthur', 'o', 'maior', 'https']",,
"RT @fatouoficial: O Arthur Aguiar √© o NFT da Mayra Cardi. √â dela no papel, mas todo mundo tem acesso",set(),'raiva',[0.35],[0.01],[0.26],[0.0],[0.36],[0.01],[0.0],"['o', '√©', 'rt', 'fatouoficial', 'arthur', 'aguiar', 'nft', 'da', 'mayra', 'cardi', 'dela', 'no', 'papel', 'mas', 'todo', 'mundo', 'tem', 'acesso']",,
RT @Aguiarthur: olha quem ta academia üí™üèª #BBB22 https://t.co/hzpVWe6PaJ,{'üí™'},'alegria',[0.5],[0.01],[0.32],[0.0],[0.16],[0.01],[0.0],"['rt', 'aguiarthur', 'olha', 'quem', 'ta', 'academia', 'https']",,
"RT @fatouoficial: O Arthur Aguiar √© o NFT da Mayra Cardi. √â dela no papel, mas todo mundo tem acesso",set(),'raiva',[0.35],[0.01],[0.26],[0.0],[0.36],[0.01],[0.0],"['o', '√©', 'rt', 'fatouoficial', 'arthur', 'aguiar', 'nft', 'da', 'mayra', 'cardi', 'dela', 'no', 'papel', 'mas', 'todo', 'mundo', 'tem', 'acesso']",,
"RT @cariocaaa33: Douglas simplesmente tirou todos os homens e deixou Arthur Aguiar com 10 mulheres, mais uma prova de resist√™ncia pro nosso‚Ä¶",set(),'alegria',[0.5],[0.01],[0.32],[0.0],[0.16],[0.01],[0.0],"['rt', 'douglas', 'simplesmente', 'tirou', 'todos', 'os', 'homens', 'e', 'deixou', 'arthur', 'aguiar', 'com', 'mulheres', 'mais', 'uma', 'prova', 'de', 'resist√™ncia', 'pro']",,
@Aguiarthur Olha ele adm q fofo ‚ú®‚ù§Ô∏è,"{'‚ù§Ô∏è', '‚ú®'}",'alegria',[0.5],[0.01],[0.32],[0.0],[0.16],[0.01],[0.0],"['aguiarthur', 'olha', 'ele', 'adm', 'q', 'fofo']",,
"Fiel.

Tirei Arthur Aguiar https://t.co/0zxzCqdDRm",set(),'alegria',[0.5],[0.01],[0.32],[0.0],[0.16],[0.01],[0.0],"['fiel', 'tirei', 'arthur', 'aguiar', 'https']",,
"RT @cariocaaa33: Douglas simplesmente tirou todos os homens e deixou Arthur Aguiar com 10 mulheres, mais uma prova de resist√™ncia pro nosso‚Ä¶",set(),'alegria',[0.5],[0.01],[0.32],[0.0],[0.16],[0.01],[0.0],"['rt', 'douglas', 'simplesmente', 'tirou', 'todos', 'os', 'homens', 'e', 'deixou', 'arthur', 'aguiar', 'com', 'mulheres', 'mais', 'uma', 'prova', 'de', 'resist√™ncia', 'pro']",,
@Aguiarthur me segue por favor adm √∫nica coisa que eu t pesso......,set(),'alegria',[0.5],[0.01],[0.32],[0.0],[0.16],[0.01],[0.0],"['aguiarthur', 'me', 'segue', 'por', 'favor', 'adm', '√∫nica', 'coisa', 'que', 'eu', 't', 'pesso']",,
@Aguiarthur eu sou t√£o apaixonadoü•∫,{'ü•∫'},'alegria',[0.5],[0.01],[0.32],[0.0],[0.16],[0.01],[0.0],"['aguiarthur', 'eu', 'sou', 't√£o']",,
"@Aguiarthur passa aq adm ü§ç‚ú®

https://t.co/9xgWKNfPEI","{'ü§ç', '‚ú®'}",'alegria',[0.5],[0.01],[0.32],[0.0],[0.16],[0.01],[0.0],"['aguiarthur', 'passa', 'aq', 'adm', 'https']",,
"RT @FlaDaNacao_: Arthur aguiar na xepa com todas as mulheres 

Gente, √© s√©rio, ele t√° tentando 

Mas o destino √© muito trai√ßoeiro com o nos‚Ä¶",set(),'alegria',[0.5],[0.01],[0.32],[0.0],[0.16],[0.01],[0.0],"['com', '√©', 'o', 'rt', 'arthur', 'aguiar', 'na', 'xepa', 'todas', 'as', 'mulheres', 'gente', 's√©rio', 'ele', 't√°', 'tentando', 'mas', 'destino', 'muito', 'trai√ßoeiro']",,
"RT @fatouoficial: O Arthur Aguiar √© o NFT da Mayra Cardi. √â dela no papel, mas todo mundo tem acesso",set(),'raiva',[0.35],[0.01],[0.26],[0.0],[0.36],[0.01],[0.0],"['o', '√©', 'rt', 'fatouoficial', 'arthur', 'aguiar', 'nft', 'da', 'mayra', 'cardi', 'dela', 'no', 'papel', 'mas', 'todo', 'mundo', 'tem', 'acesso']",,
RT @jjonasbrotherz: o vip do arthur aguiar vai fazer justi√ßa e chamar todas as mulheres,set(),'alegria',[0.5],[0.01],[0.32],[0.0],[0.16],[0.01],[0.0],"['rt', 'jjonasbrotherz', 'o', 'vip', 'do', 'arthur', 'aguiar', 'vai', 'fazer', 'justi√ßa', 'e', 'chamar', 'todas', 'as', 'mulheres']",,
