Tweet,Emojis,SentimentML,Alegria,Medo,Neutro,Nojo,Raiva,Tristeza,Alias
"RT @RealitysVip: Amanh√£ o Rodrigo muda o foco da Naiara e passa pro Arthur Aguiar, por que ele s√≥ mira nos cancelados #BBB22",set(),'alegria',[0.5],[0.01],[0.32],[0.0],[0.16],[0.01],[0.0]
"RT @RealitysVip: Amanh√£ o Rodrigo muda o foco da Naiara e passa pro Arthur Aguiar, por que ele s√≥ mira nos cancelados #BBB22",set(),'alegria',[0.5],[0.01],[0.32],[0.0],[0.16],[0.01],[0.0]
@Aguiarthur Meu follow adm?,set(),'alegria',[0.5],[0.01],[0.32],[0.0],[0.16],[0.01],[0.0]
"RT @brunorahall: a produ√ß√£o: nossa que barulho eh esse

o arthur aguiar com a psic√≥loga do bbb de madrugada: https://t.co/cT7msMpB2C",set(),'alegria',[0.5],[0.01],[0.32],[0.0],[0.16],[0.01],[0.0]
"RT @brunorahall: a produ√ß√£o: nossa que barulho eh esse

o arthur aguiar com a psic√≥loga do bbb de madrugada: https://t.co/cT7msMpB2C",set(),'alegria',[0.5],[0.01],[0.32],[0.0],[0.16],[0.01],[0.0]
"@Aguiarthur Avisa que t√° chegandoüó£, segue adm?",set(),'alegria',[0.5],[0.01],[0.32],[0.0],[0.16],[0.01],[0.0]
"RT @brunorahall: a produ√ß√£o: nossa que barulho eh esse

o arthur aguiar com a psic√≥loga do bbb de madrugada: https://t.co/cT7msMpB2C",set(),'alegria',[0.5],[0.01],[0.32],[0.0],[0.16],[0.01],[0.0]
"RT @RealitysVip: Amanh√£ o Rodrigo muda o foco da Naiara e passa pro Arthur Aguiar, por que ele s√≥ mira nos cancelados #BBB22",set(),'alegria',[0.5],[0.01],[0.32],[0.0],[0.16],[0.01],[0.0]
"RT @RealitysVip: Amanh√£ o Rodrigo muda o foco da Naiara e passa pro Arthur Aguiar, por que ele s√≥ mira nos cancelados #BBB22",set(),'alegria',[0.5],[0.01],[0.32],[0.0],[0.16],[0.01],[0.0]
RT @Aguiarthur: AMANH√É √â O GRANDE DIA! ‚ú®üíõ,"{'‚ú®', 'üíõ'}",'alegria',[0.5],[0.01],[0.32],[0.0],[0.16],[0.01],[0.0]
"eles v√£o ter que votar em dois e eu n√£o duvido nada o rodrigo votar da naiara e no arthur aguiar 
 #BBB22",set(),'neutro',[0.33],[0.01],[0.48],[0.0],[0.17],[0.01],[0.0]
"RT @RealitysVip: Amanh√£ o Rodrigo muda o foco da Naiara e passa pro Arthur Aguiar, por que ele s√≥ mira nos cancelados #BBB22",set(),'alegria',[0.5],[0.01],[0.32],[0.0],[0.16],[0.01],[0.0]
"RT @RealitysVip: Amanh√£ o Rodrigo muda o foco da Naiara e passa pro Arthur Aguiar, por que ele s√≥ mira nos cancelados #BBB22",set(),'alegria',[0.5],[0.01],[0.32],[0.0],[0.16],[0.01],[0.0]
"RT @RealitysVip: Amanh√£ o Rodrigo muda o foco da Naiara e passa pro Arthur Aguiar, por que ele s√≥ mira nos cancelados #BBB22",set(),'alegria',[0.5],[0.01],[0.32],[0.0],[0.16],[0.01],[0.0]
"RT @brunorahall: a produ√ß√£o: nossa que barulho eh esse

o arthur aguiar com a psic√≥loga do bbb de madrugada: https://t.co/cT7msMpB2C",set(),'alegria',[0.5],[0.01],[0.32],[0.0],[0.16],[0.01],[0.0]
"RT @tracklist: Tiago Abravanel falou para os brothers que acha que as pessoas que faltam entrar no #BBB22 s√£o Jade Picon, Linn da Quebrada‚Ä¶",set(),'alegria',[0.5],[0.01],[0.32],[0.0],[0.16],[0.01],[0.0]
@Suuh_Amaral97 @Aguiarthur sim https://t.co/UintMWlBFw,set(),'alegria',[0.5],[0.01],[0.32],[0.0],[0.16],[0.01],[0.0]
"RT @tracklist: üö® Jade Picon, Arthur Aguiar e Linn da Quebrada entrar√£o na casa do #BBB22 amanh√£ √†s 13h!",{'üö®'},'alegria',[0.5],[0.01],[0.32],[0.0],[0.16],[0.01],[0.0]
"RT @Ze_Maneh: ENQUETE EXPRESS

Arthur Aguiar vai pegar...",set(),'alegria',[0.5],[0.01],[0.32],[0.0],[0.16],[0.01],[0.0]
@Don_Sopran0 Do Arthur Aguiar ent√£o kkk acho insuport√°vel,set(),'alegria',[0.5],[0.01],[0.32],[0.0],[0.16],[0.01],[0.0]
"@Aguiarthur T√° chegandoüî•, me segue adm?",{'üî•'},'alegria',[0.5],[0.01],[0.32],[0.0],[0.16],[0.01],[0.0]
"RT @RealitysVip: Amanh√£ o Rodrigo muda o foco da Naiara e passa pro Arthur Aguiar, por que ele s√≥ mira nos cancelados #BBB22",set(),'alegria',[0.5],[0.01],[0.32],[0.0],[0.16],[0.01],[0.0]
@raphaseligman tem q esperar entrar o arthur aguiar!!,set(),'alegria',[0.5],[0.01],[0.32],[0.0],[0.16],[0.01],[0.0]
"RT @RealitysVip: Amanh√£ o Rodrigo muda o foco da Naiara e passa pro Arthur Aguiar, por que ele s√≥ mira nos cancelados #BBB22",set(),'alegria',[0.5],[0.01],[0.32],[0.0],[0.16],[0.01],[0.0]
"RT @RealitysVip: Amanh√£ o Rodrigo muda o foco da Naiara e passa pro Arthur Aguiar, por que ele s√≥ mira nos cancelados #BBB22",set(),'alegria',[0.5],[0.01],[0.32],[0.0],[0.16],[0.01],[0.0]
"RT @RealitysVip: Amanh√£ o Rodrigo muda o foco da Naiara e passa pro Arthur Aguiar, por que ele s√≥ mira nos cancelados #BBB22",set(),'alegria',[0.5],[0.01],[0.32],[0.0],[0.16],[0.01],[0.0]
"RT @RealitysVip: Amanh√£ o Rodrigo muda o foco da Naiara e passa pro Arthur Aguiar, por que ele s√≥ mira nos cancelados #BBB22",set(),'alegria',[0.5],[0.01],[0.32],[0.0],[0.16],[0.01],[0.0]
"RT @brunorahall: a produ√ß√£o: nossa que barulho eh esse

o arthur aguiar com a psic√≥loga do bbb de madrugada: https://t.co/cT7msMpB2C",set(),'alegria',[0.5],[0.01],[0.32],[0.0],[0.16],[0.01],[0.0]
"RT @RealitysVip: Amanh√£ o Rodrigo muda o foco da Naiara e passa pro Arthur Aguiar, por que ele s√≥ mira nos cancelados #BBB22",set(),'alegria',[0.5],[0.01],[0.32],[0.0],[0.16],[0.01],[0.0]
"RT @RealitysVip: Amanh√£ o Rodrigo muda o foco da Naiara e passa pro Arthur Aguiar, por que ele s√≥ mira nos cancelados #BBB22",set(),'alegria',[0.5],[0.01],[0.32],[0.0],[0.16],[0.01],[0.0]
"RT @RealitysVip: Amanh√£ o Rodrigo muda o foco da Naiara e passa pro Arthur Aguiar, por que ele s√≥ mira nos cancelados #BBB22",set(),'alegria',[0.5],[0.01],[0.32],[0.0],[0.16],[0.01],[0.0]
"RT @RealitysVip: Amanh√£ o Rodrigo muda o foco da Naiara e passa pro Arthur Aguiar, por que ele s√≥ mira nos cancelados #BBB22",set(),'alegria',[0.5],[0.01],[0.32],[0.0],[0.16],[0.01],[0.0]
@Aguiarthur Kd vc para me seguir adm?,set(),'alegria',[0.5],[0.01],[0.32],[0.0],[0.16],[0.01],[0.0]
RT @Aguiarthur: ELE T√Å VINDO A√ç!!!!! #BBB22 https://t.co/wzNlJPd2re,set(),'alegria',[0.5],[0.01],[0.32],[0.0],[0.16],[0.01],[0.0]
RT @Aguiarthur: ELE T√Å VINDO A√ç!!!!! #BBB22 https://t.co/wzNlJPd2re,set(),'alegria',[0.5],[0.01],[0.32],[0.0],[0.16],[0.01],[0.0]
"RT @RealitysVip: Amanh√£ o Rodrigo muda o foco da Naiara e passa pro Arthur Aguiar, por que ele s√≥ mira nos cancelados #BBB22",set(),'alegria',[0.5],[0.01],[0.32],[0.0],[0.16],[0.01],[0.0]
"RT @RealitysVip: Amanh√£ o Rodrigo muda o foco da Naiara e passa pro Arthur Aguiar, por que ele s√≥ mira nos cancelados #BBB22",set(),'alegria',[0.5],[0.01],[0.32],[0.0],[0.16],[0.01],[0.0]
"RT @RealitysVip: Amanh√£ o Rodrigo muda o foco da Naiara e passa pro Arthur Aguiar, por que ele s√≥ mira nos cancelados #BBB22",set(),'alegria',[0.5],[0.01],[0.32],[0.0],[0.16],[0.01],[0.0]
"RT @brunorahall: a produ√ß√£o: nossa que barulho eh esse

o arthur aguiar com a psic√≥loga do bbb de madrugada: https://t.co/cT7msMpB2C",set(),'alegria',[0.5],[0.01],[0.32],[0.0],[0.16],[0.01],[0.0]
"RT @RealitysVip: Amanh√£ o Rodrigo muda o foco da Naiara e passa pro Arthur Aguiar, por que ele s√≥ mira nos cancelados #BBB22",set(),'alegria',[0.5],[0.01],[0.32],[0.0],[0.16],[0.01],[0.0]
RT @Aguiarthur: AMANH√É √â O GRANDE DIA! ‚ú®üíõ,"{'‚ú®', 'üíõ'}",'alegria',[0.5],[0.01],[0.32],[0.0],[0.16],[0.01],[0.0]
"RT @RealitysVip: Amanh√£ o Rodrigo muda o foco da Naiara e passa pro Arthur Aguiar, por que ele s√≥ mira nos cancelados #BBB22",set(),'alegria',[0.5],[0.01],[0.32],[0.0],[0.16],[0.01],[0.0]
"RT @tracklist: üö® Jade Picon, Arthur Aguiar e Linn da Quebrada entrar√£o na casa do #BBB22 amanh√£ √†s 13h!",{'üö®'},'alegria',[0.5],[0.01],[0.32],[0.0],[0.16],[0.01],[0.0]
"Na moral? 

Por enquanto Douglas, mas gosto do Arthur Aguiar, Scooby tbm... https://t.co/YlW8N7P2qG",set(),'alegria',[0.5],[0.01],[0.32],[0.0],[0.16],[0.01],[0.0]
"RT @RealitysVip: Amanh√£ o Rodrigo muda o foco da Naiara e passa pro Arthur Aguiar, por que ele s√≥ mira nos cancelados #BBB22",set(),'alegria',[0.5],[0.01],[0.32],[0.0],[0.16],[0.01],[0.0]
"RT @RealitysVip: Amanh√£ o Rodrigo muda o foco da Naiara e passa pro Arthur Aguiar, por que ele s√≥ mira nos cancelados #BBB22",set(),'alegria',[0.5],[0.01],[0.32],[0.0],[0.16],[0.01],[0.0]
"RT @RealitysVip: Amanh√£ o Rodrigo muda o foco da Naiara e passa pro Arthur Aguiar, por que ele s√≥ mira nos cancelados #BBB22",set(),'alegria',[0.5],[0.01],[0.32],[0.0],[0.16],[0.01],[0.0]
"RT @RealitysVip: Amanh√£ o Rodrigo muda o foco da Naiara e passa pro Arthur Aguiar, por que ele s√≥ mira nos cancelados #BBB22",set(),'alegria',[0.5],[0.01],[0.32],[0.0],[0.16],[0.01],[0.0]
"RT @RealitysVip: Amanh√£ o Rodrigo muda o foco da Naiara e passa pro Arthur Aguiar, por que ele s√≥ mira nos cancelados #BBB22",set(),'alegria',[0.5],[0.01],[0.32],[0.0],[0.16],[0.01],[0.0]
"RT @RealitysVip: Amanh√£ o Rodrigo muda o foco da Naiara e passa pro Arthur Aguiar, por que ele s√≥ mira nos cancelados #BBB22",set(),'alegria',[0.5],[0.01],[0.32],[0.0],[0.16],[0.01],[0.0]
"RT @RealitysVip: Amanh√£ o Rodrigo muda o foco da Naiara e passa pro Arthur Aguiar, por que ele s√≥ mira nos cancelados #BBB22",set(),'alegria',[0.5],[0.01],[0.32],[0.0],[0.16],[0.01],[0.0]
"RT @RealitysVip: Amanh√£ o Rodrigo muda o foco da Naiara e passa pro Arthur Aguiar, por que ele s√≥ mira nos cancelados #BBB22",set(),'alegria',[0.5],[0.01],[0.32],[0.0],[0.16],[0.01],[0.0]
"RT @Ze_Maneh: ENQUETE EXPRESS

Arthur Aguiar vai pegar...",set(),'alegria',[0.5],[0.01],[0.32],[0.0],[0.16],[0.01],[0.0]
"Desculpe, Arthur Aguiar, mas o Sr acaba de perder a minha torcida https://t.co/USDzzOUF2e",set(),'alegria',[0.5],[0.01],[0.32],[0.0],[0.16],[0.01],[0.0]
"RT @tracklist: Tiago Abravanel falou para os brothers que acha que as pessoas que faltam entrar no #BBB22 s√£o Jade Picon, Linn da Quebrada‚Ä¶",set(),'alegria',[0.5],[0.01],[0.32],[0.0],[0.16],[0.01],[0.0]
"Amanh√£ o Rodrigo muda o foco da Naiara e passa pro Arthur Aguiar, por que ele s√≥ mira nos cancelados #BBB22",set(),'alegria',[0.5],[0.01],[0.32],[0.0],[0.16],[0.01],[0.0]
"RT @brunorahall: a produ√ß√£o: nossa que barulho eh esse

o arthur aguiar com a psic√≥loga do bbb de madrugada: https://t.co/cT7msMpB2C",set(),'alegria',[0.5],[0.01],[0.32],[0.0],[0.16],[0.01],[0.0]
"at√© agr n teve nenhum participante que eu gostei e fui com a cara

(at√© pq jade picon e arthur aguiar n entraram)",set(),'alegria',[0.5],[0.01],[0.32],[0.0],[0.16],[0.01],[0.0]
"RT @tracklist: üö® Jade Picon, Arthur Aguiar e Linn da Quebrada entrar√£o na casa do #BBB22 amanh√£ √†s 13h!",{'üö®'},'alegria',[0.5],[0.01],[0.32],[0.0],[0.16],[0.01],[0.0]
"RT @brunorahall: a produ√ß√£o: nossa que barulho eh esse

o arthur aguiar com a psic√≥loga do bbb de madrugada: https://t.co/cT7msMpB2C",set(),'alegria',[0.5],[0.01],[0.32],[0.0],[0.16],[0.01],[0.0]
@Aguiarthur Grande dia vai ser quando o Arthur for eliminado,set(),'neutro',[0.28],[0.01],[0.42],[0.0],[0.29],[0.01],[0.0]
hoje n√£o ter√° festa no bbb porque s√≥ vai ter festa quando o arthur aguiar colocar os p√©s nessa casa e cantar a m√∫sica que fez pra mayra,set(),'raiva',[0.35],[0.01],[0.26],[0.0],[0.36],[0.01],[0.0]
"ENQUETE EXPRESS

Arthur Aguiar vai pegar...",set(),'alegria',[0.5],[0.01],[0.32],[0.0],[0.16],[0.01],[0.0]
RT @Aguiarthur: ELE T√Å VINDO A√ç!!!!! #BBB22 https://t.co/wzNlJPd2re,set(),'alegria',[0.5],[0.01],[0.32],[0.0],[0.16],[0.01],[0.0]
"RT @brunorahall: a produ√ß√£o: nossa que barulho eh esse

o arthur aguiar com a psic√≥loga do bbb de madrugada: https://t.co/cT7msMpB2C",set(),'alegria',[0.5],[0.01],[0.32],[0.0],[0.16],[0.01],[0.0]
"RT @brunorahall: a produ√ß√£o: nossa que barulho eh esse

o arthur aguiar com a psic√≥loga do bbb de madrugada: https://t.co/cT7msMpB2C",set(),'alegria',[0.5],[0.01],[0.32],[0.0],[0.16],[0.01],[0.0]
"RT @brunorahall: a produ√ß√£o: nossa que barulho eh esse

o arthur aguiar com a psic√≥loga do bbb de madrugada: https://t.co/cT7msMpB2C",set(),'alegria',[0.5],[0.01],[0.32],[0.0],[0.16],[0.01],[0.0]
"RT @updatechartuc: Tiago Abravanel aposta que Arthur Aguiar, Jade Picon e Linn da Quebrada ainda entrar√£o no #BBB22. 

O NOVO TERROR DO BON‚Ä¶",set(),'raiva',[0.3],[0.01],[0.22],[0.0],[0.46],[0.01],[0.0]
la√≠s luciano jessilane eliezer eslov√™nia lucas b√°rbara arthur aguiar rodrigo nat√°lia vyni pedro scooby brunna gon√ßa‚Ä¶ https://t.co/CSDEtM0xbZ,set(),'alegria',[0.5],[0.01],[0.32],[0.0],[0.16],[0.01],[0.0]
"RT @tracklist: üö® Jade Picon, Arthur Aguiar e Linn da Quebrada entrar√£o na casa do #BBB22 amanh√£ √†s 13h!",{'üö®'},'alegria',[0.5],[0.01],[0.32],[0.0],[0.16],[0.01],[0.0]
RT @rafinhabastos: Arthur Aguiar conseguiu comer algu√©m no hotel e pegar covid. Mito. #BBB22,set(),'alegria',[0.5],[0.01],[0.32],[0.0],[0.16],[0.01],[0.0]
"RT @SeriesBrasil: Em seu Instagram, Maira Cardi afirma que n√£o tem medo de ser tra√≠da novamente por Arthur Aguiar no #BBB22

""√â sobre amor,‚Ä¶",set(),'alegria',[0.5],[0.01],[0.32],[0.0],[0.16],[0.01],[0.0]
la√≠s luciano jessilane eliezer eslov√™nia lucas b√°rbara arthur aguiar rodrigo nat√°lia vyni pedro scooby brunna gon√ßa‚Ä¶ https://t.co/NdfThjPEGq,set(),'alegria',[0.5],[0.01],[0.32],[0.0],[0.16],[0.01],[0.0]
"RT @brunorahall: a produ√ß√£o: nossa que barulho eh esse

o arthur aguiar com a psic√≥loga do bbb de madrugada: https://t.co/cT7msMpB2C",set(),'alegria',[0.5],[0.01],[0.32],[0.0],[0.16],[0.01],[0.0]
"RT @tracklist: üö® Jade Picon, Arthur Aguiar e Linn da Quebrada entrar√£o na casa do #BBB22 amanh√£ √†s 13h!",{'üö®'},'alegria',[0.5],[0.01],[0.32],[0.0],[0.16],[0.01],[0.0]
"RT @choquei: Tiago Abravanel acha que Jade Picon, Linn da Quebrada e Arthur Aguiar vai entrar. rs #BBB22",set(),'alegria',[0.5],[0.01],[0.32],[0.0],[0.16],[0.01],[0.0]
O primeiro eliminado do BBB 22 (caso n√£o ganhe alguma imunidade) ser√° Arthur Aguiar‚Ä¶ Vai ser algo multifatorial,set(),'neutro',[0.28],[0.01],[0.42],[0.0],[0.29],[0.01],[0.0]
RT @sabrinxtn: homem √© fiel igual o arthur aguiar,set(),'alegria',[0.5],[0.01],[0.32],[0.0],[0.16],[0.01],[0.0]
@Aguiarthur ansiosa pra ver o nosso pitico @heycaraleo https://t.co/mnqeY2OtRF,set(),'neutro',[0.33],[0.01],[0.48],[0.0],[0.17],[0.01],[0.0]
RT @Cinlinda123: @Aguiarthur S√≥ vem bonito. Venha com tudo. https://t.co/jCn9THdH6E,set(),'alegria',[0.5],[0.01],[0.32],[0.0],[0.16],[0.01],[0.0]
"meu irm√£o: algum dos tr√™s q entrarem, v√£o se foder 
eu: espero que seja arthur aguiar 
tudo certo por aqui fam√≠lia",set(),'neutro',[0.33],[0.01],[0.48],[0.0],[0.17],[0.01],[0.0]
"@mbrenno_ que Santo ? o Santo twitter ? at√© a Naiara sabe que tava mal aqui fora, o Rodrigo falou at√© que se o Arth‚Ä¶ https://t.co/BX6FWpHHWx",set(),'alegria',[0.5],[0.01],[0.32],[0.0],[0.16],[0.01],[0.0]
RT @sabrinxtn: homem √© fiel igual o arthur aguiar,set(),'alegria',[0.5],[0.01],[0.32],[0.0],[0.16],[0.01],[0.0]
RT @Aguiarthur: AMANH√É √â O GRANDE DIA! ‚ú®üíõ,"{'‚ú®', 'üíõ'}",'alegria',[0.5],[0.01],[0.32],[0.0],[0.16],[0.01],[0.0]
"RT @choquei: Jade Picon, Arthur Aguiar e Linn da Quebrada entrar√£o na casa do #BBB22 amanh√£ √†s 13h00",set(),'alegria',[0.5],[0.01],[0.32],[0.0],[0.16],[0.01],[0.0]
"@Aguiarthur Vemmm q estamos todos ansiosos pra sua chegada, vomos ver se j√° vira um favorito pro quarteto",set(),'alegria',[0.5],[0.01],[0.32],[0.0],[0.16],[0.01],[0.0]
RT @Aguiarthur: ELE T√Å VINDO A√ç!!!!! #BBB22 https://t.co/wzNlJPd2re,set(),'alegria',[0.5],[0.01],[0.32],[0.0],[0.16],[0.01],[0.0]
Eles tentando combinar voto mas mal sabem eles que ter√° ARTHUR AGUIAR p votar üòãüòã,{'üòã'},'alegria',[0.5],[0.01],[0.32],[0.0],[0.16],[0.01],[0.0]
"@brfabia Rodrigo n√£o t√° no bbb, ele s√≥ estava zoando. Quem vai entrar: Arthur Aguiar , jade pico e Lin da quebrada.",set(),'alegria',[0.5],[0.01],[0.32],[0.0],[0.16],[0.01],[0.0]
"RT @choquei: Jade Picon, Arthur Aguiar e Linn da Quebrada entrar√£o na casa do #BBB22 amanh√£ √†s 13h00",set(),'alegria',[0.5],[0.01],[0.32],[0.0],[0.16],[0.01],[0.0]
@Aguiarthur quero adm,set(),'alegria',[0.5],[0.01],[0.32],[0.0],[0.16],[0.01],[0.0]
"rodrigo t√° afobado d+ falando em jogo kk t√° de queimando a toa, ainda tem mais 3 p entrar e old que todo mundo vai no arthur aguiar da√≠",set(),'raiva',[0.35],[0.01],[0.26],[0.0],[0.36],[0.01],[0.0]
"RT @choquei: Jade Picon, Arthur Aguiar e Linn da Quebrada entrar√£o na casa do #BBB22 amanh√£ √†s 13h00",set(),'alegria',[0.5],[0.01],[0.32],[0.0],[0.16],[0.01],[0.0]
"RT @fishkhaos: Pedro Scooby sem fumar maconha e Arthur Aguiar sem trair a esposa, quem vai virar o coringa primeiro?",set(),'alegria',[0.5],[0.01],[0.32],[0.0],[0.16],[0.01],[0.0]
"RT @brunorahall: a produ√ß√£o: nossa que barulho eh esse

o arthur aguiar com a psic√≥loga do bbb de madrugada: https://t.co/cT7msMpB2C",set(),'alegria',[0.5],[0.01],[0.32],[0.0],[0.16],[0.01],[0.0]
@Aguiarthur Amamos ver adm,set(),'alegria',[0.5],[0.01],[0.32],[0.0],[0.16],[0.01],[0.0]
"@bryceglr @Aguiarthur √â meu papai,ele me abandonou",set(),'alegria',[0.5],[0.01],[0.32],[0.0],[0.16],[0.01],[0.0]
"RT @brunorahall: a produ√ß√£o: nossa que barulho eh esse

o arthur aguiar com a psic√≥loga do bbb de madrugada: https://t.co/cT7msMpB2C",set(),'alegria',[0.5],[0.01],[0.32],[0.0],[0.16],[0.01],[0.0]
"O povo n√£o sabe em quem votar pq ta todo mundo se dando bem, o jeito eh votar no arthur aguiar",set(),'raiva',[0.35],[0.01],[0.26],[0.0],[0.36],[0.01],[0.0]
"Amanh√£ as 13hrs, n√£o me procurem pra nada. Estarei no meu belo globo play esperando Arthur Aguiar, linn da quebrada‚Ä¶ https://t.co/TBphCtYY5y",set(),'neutro',[0.33],[0.01],[0.48],[0.0],[0.17],[0.01],[0.0]
"enquanto o arthur aguiar nao chega, o BBB NAO COME√áA DE VDD. o mr.trai√ß√£o vai balan√ßar o jogo",set(),'alegria',[0.5],[0.01],[0.32],[0.0],[0.16],[0.01],[0.0]
Esperando a entrada de Jade Pic√£o e Arthur Aguiar.,set(),'alegria',[0.5],[0.01],[0.32],[0.0],[0.16],[0.01],[0.0]
Vivi pra ver o @Aguiarthur cara de pau entrar no @bbb,set(),'raiva',[0.09],[0.01],[0.15],[0.0],[0.75],[0.01],[0.0]
@MineiraDoFuturo pique maira cardi e arthur aguiar,set(),'alegria',[0.5],[0.01],[0.32],[0.0],[0.16],[0.01],[0.0]
"RT @choquei: Tiago Abravanel acha que Jade Picon, Linn da Quebrada e Arthur Aguiar vai entrar. rs #BBB22",set(),'alegria',[0.5],[0.01],[0.32],[0.0],[0.16],[0.01],[0.0]
RT @Aguiarthur: ELE T√Å VINDO A√ç!!!!! #BBB22 https://t.co/wzNlJPd2re,set(),'alegria',[0.5],[0.01],[0.32],[0.0],[0.16],[0.01],[0.0]
@Aguiarthur Amamos veeer,set(),'alegria',[0.5],[0.01],[0.32],[0.0],[0.16],[0.01],[0.0]
@Aguiarthur quantas vezes vou precisar me humilhar pelo follow adm? https://t.co/uxSpdr6Fsc,set(),'alegria',[0.5],[0.01],[0.32],[0.0],[0.16],[0.01],[0.0]
"RT @brunorahall: a produ√ß√£o: nossa que barulho eh esse

o arthur aguiar com a psic√≥loga do bbb de madrugada: https://t.co/cT7msMpB2C",set(),'alegria',[0.5],[0.01],[0.32],[0.0],[0.16],[0.01],[0.0]
"@Aguiarthur olha seu papai @oppslaylla 
https://t.co/1V6CiQu5Gd",set(),'alegria',[0.5],[0.01],[0.32],[0.0],[0.16],[0.01],[0.0]
"RT @tracklist: üö® Jade Picon, Arthur Aguiar e Linn da Quebrada entrar√£o na casa do #BBB22 amanh√£ √†s 13h!",{'üö®'},'alegria',[0.5],[0.01],[0.32],[0.0],[0.16],[0.01],[0.0]
"@taatisantos01 @vaidesmaiar O ran√ßo veio dele vendo como repercutiu a entrada dela, hoje cedo ele j√° disse sobre o‚Ä¶ https://t.co/MlgLimSOz4",set(),'alegria',[0.5],[0.01],[0.32],[0.0],[0.16],[0.01],[0.0]
RT @Aguiarthur: ELE T√Å VINDO A√ç!!!!! #BBB22 https://t.co/wzNlJPd2re,set(),'alegria',[0.5],[0.01],[0.32],[0.0],[0.16],[0.01],[0.0]
"RT @RealitysVip: üö® Jade Picon, Arthur Aguiar e Linn da Quebrada entrar√£o na casa do #BBB22 amanh√£ √†s 13h!",{'üö®'},'alegria',[0.5],[0.01],[0.32],[0.0],[0.16],[0.01],[0.0]
@Aguiarthur Segue eu??? https://t.co/7oQc0c1VxP,set(),'alegria',[0.5],[0.01],[0.32],[0.0],[0.16],[0.01],[0.0]
"RT @brunorahall: a produ√ß√£o: nossa que barulho eh esse

o arthur aguiar com a psic√≥loga do bbb de madrugada: https://t.co/cT7msMpB2C",set(),'alegria',[0.5],[0.01],[0.32],[0.0],[0.16],[0.01],[0.0]
"RT @brunorahall: a produ√ß√£o: nossa que barulho eh esse

o arthur aguiar com a psic√≥loga do bbb de madrugada: https://t.co/cT7msMpB2C",set(),'alegria',[0.5],[0.01],[0.32],[0.0],[0.16],[0.01],[0.0]
"RT @tracklist: üö® Jade Picon, Arthur Aguiar e Linn da Quebrada entrar√£o na casa do #BBB22 amanh√£ √†s 13h!",{'üö®'},'alegria',[0.5],[0.01],[0.32],[0.0],[0.16],[0.01],[0.0]
Youtube do Arthur aguiar https://t.co/7XKpOVaZKF,set(),'alegria',[0.5],[0.01],[0.32],[0.0],[0.16],[0.01],[0.0]
"RT @tracklist: üö® Jade Picon, Arthur Aguiar e Linn da Quebrada entrar√£o na casa do #BBB22 amanh√£ √†s 13h!",{'üö®'},'alegria',[0.5],[0.01],[0.32],[0.0],[0.16],[0.01],[0.0]
"RT @brunorahall: a produ√ß√£o: nossa que barulho eh esse

o arthur aguiar com a psic√≥loga do bbb de madrugada: https://t.co/cT7msMpB2C",set(),'alegria',[0.5],[0.01],[0.32],[0.0],[0.16],[0.01],[0.0]
"RT @tracklist: üö® Jade Picon, Arthur Aguiar e Linn da Quebrada entrar√£o na casa do #BBB22 amanh√£ √†s 13h!",{'üö®'},'alegria',[0.5],[0.01],[0.32],[0.0],[0.16],[0.01],[0.0]
"RT @tracklist: üö® Jade Picon, Arthur Aguiar e Linn da Quebrada entrar√£o na casa do #BBB22 amanh√£ √†s 13h!",{'üö®'},'alegria',[0.5],[0.01],[0.32],[0.0],[0.16],[0.01],[0.0]
@Aguiarthur Me segueeeee por deusss,set(),'alegria',[0.5],[0.01],[0.32],[0.0],[0.16],[0.01],[0.0]
"RT @choquei: Jade Picon, Arthur Aguiar e Linn da Quebrada entrar√£o na casa do #BBB22 amanh√£ √†s 13h00",set(),'alegria',[0.5],[0.01],[0.32],[0.0],[0.16],[0.01],[0.0]
RT @sabrinxtn: homem √© fiel igual o arthur aguiar,set(),'alegria',[0.5],[0.01],[0.32],[0.0],[0.16],[0.01],[0.0]
"RT @brunorahall: a produ√ß√£o: nossa que barulho eh esse

o arthur aguiar com a psic√≥loga do bbb de madrugada: https://t.co/cT7msMpB2C",set(),'alegria',[0.5],[0.01],[0.32],[0.0],[0.16],[0.01],[0.0]
"RT @brunorahall: a produ√ß√£o: nossa que barulho eh esse

o arthur aguiar com a psic√≥loga do bbb de madrugada: https://t.co/cT7msMpB2C",set(),'alegria',[0.5],[0.01],[0.32],[0.0],[0.16],[0.01],[0.0]
"N vi nada de bbb mas pq a Jade picao, Arthur aguiar e linda e quebrada n√£o entraram ainda?? Q dia eles entram??",set(),'alegria',[0.5],[0.01],[0.32],[0.0],[0.16],[0.01],[0.0]
"RT @brunorahall: a produ√ß√£o: nossa que barulho eh esse

o arthur aguiar com a psic√≥loga do bbb de madrugada: https://t.co/cT7msMpB2C",set(),'alegria',[0.5],[0.01],[0.32],[0.0],[0.16],[0.01],[0.0]
"RT @brunorahall: a produ√ß√£o: nossa que barulho eh esse

o arthur aguiar com a psic√≥loga do bbb de madrugada: https://t.co/cT7msMpB2C",set(),'alegria',[0.5],[0.01],[0.32],[0.0],[0.16],[0.01],[0.0]
"RT @choquei: Tiago Abravanel acha que Jade Picon, Linn da Quebrada e Arthur Aguiar vai entrar. rs #BBB22",set(),'alegria',[0.5],[0.01],[0.32],[0.0],[0.16],[0.01],[0.0]
"RT @brunorahall: a produ√ß√£o: nossa que barulho eh esse

o arthur aguiar com a psic√≥loga do bbb de madrugada: https://t.co/cT7msMpB2C",set(),'alegria',[0.5],[0.01],[0.32],[0.0],[0.16],[0.01],[0.0]
o personagem do rodrigo √© t√£o raso que ele vai pegar no p√© do arthur aguiar quando entrar tamb√©m igual ta fazendo c‚Ä¶ https://t.co/9pKUp6ANV7,set(),'alegria',[0.5],[0.01],[0.32],[0.0],[0.16],[0.01],[0.0]
"RT @tracklist: üö® Jade Picon, Arthur Aguiar e Linn da Quebrada entrar√£o na casa do #BBB22 amanh√£ √†s 13h!",{'üö®'},'alegria',[0.5],[0.01],[0.32],[0.0],[0.16],[0.01],[0.0]
RT @Aguiarthur: ELE T√Å VINDO A√ç!!!!! #BBB22 https://t.co/wzNlJPd2re,set(),'alegria',[0.5],[0.01],[0.32],[0.0],[0.16],[0.01],[0.0]
"RT @choquei: Tiago Abravanel acha que Jade Picon, Linn da Quebrada e Arthur Aguiar vai entrar. rs #BBB22",set(),'alegria',[0.5],[0.01],[0.32],[0.0],[0.16],[0.01],[0.0]
"Os camarotes Jade Picon, Linn da Quebrada e Arthur Aguiar entrar√£o na casa √†s 13h desta quinta, dia 20 https://t.co/VWz1aYFxmI",set(),'alegria',[0.5],[0.01],[0.32],[0.0],[0.16],[0.01],[0.0]
"RT @tracklist: üö® Jade Picon, Arthur Aguiar e Linn da Quebrada entrar√£o na casa do #BBB22 amanh√£ √†s 13h!",{'üö®'},'alegria',[0.5],[0.01],[0.32],[0.0],[0.16],[0.01],[0.0]
"RT @tracklist: üö® Jade Picon, Arthur Aguiar e Linn da Quebrada entrar√£o na casa do #BBB22 amanh√£ √†s 13h!",{'üö®'},'alegria',[0.5],[0.01],[0.32],[0.0],[0.16],[0.01],[0.0]
"RT @choquei: Tiago Abravanel acha que Jade Picon, Linn da Quebrada e Arthur Aguiar vai entrar. rs #BBB22",set(),'alegria',[0.5],[0.01],[0.32],[0.0],[0.16],[0.01],[0.0]
"RT @brunorahall: a produ√ß√£o: nossa que barulho eh esse

o arthur aguiar com a psic√≥loga do bbb de madrugada: https://t.co/cT7msMpB2C",set(),'alegria',[0.5],[0.01],[0.32],[0.0],[0.16],[0.01],[0.0]
a metadinha tem que ser do arthur aguiar com a maiara pra fazer refer√™ncia aos chifres https://t.co/j4aqdjUc6d,set(),'neutro',[0.26],[0.01],[0.58],[0.0],[0.13],[0.01],[0.0]
@Aguiarthur @BaixadorDeVideo,set(),'alegria',[0.5],[0.01],[0.32],[0.0],[0.16],[0.01],[0.0]
RT @_srtalycia: Maria querendo bocas femininas pra beijar e n√£o tem nenhuma que curta a n√£o ser a Brunna que √© o oposto do Arthur Aguiar. B‚Ä¶,set(),'alegria',[0.5],[0.01],[0.32],[0.0],[0.16],[0.01],[0.0]
RT @_srtalycia: Maria querendo bocas femininas pra beijar e n√£o tem nenhuma que curta a n√£o ser a Brunna que √© o oposto do Arthur Aguiar. B‚Ä¶,set(),'alegria',[0.5],[0.01],[0.32],[0.0],[0.16],[0.01],[0.0]
la√≠s luciano jessilane eliezer eslov√™nia lucas b√°rbara arthur aguiar rodrigo nat√°lia vyni pedro scooby brunna gon√ßa‚Ä¶ https://t.co/BG30UyKFkx,set(),'alegria',[0.5],[0.01],[0.32],[0.0],[0.16],[0.01],[0.0]
RT @Aguiarthur: AMANH√É √â O GRANDE DIA! ‚ú®üíõ,"{'‚ú®', 'üíõ'}",'alegria',[0.5],[0.01],[0.32],[0.0],[0.16],[0.01],[0.0]
RT @Aguiarthur: ELE T√Å VINDO A√ç!!!!! #BBB22 https://t.co/wzNlJPd2re,set(),'alegria',[0.5],[0.01],[0.32],[0.0],[0.16],[0.01],[0.0]
e digo mais: provavelmente vai ficar falando que a energia tb n√£o bateu com o arthur aguiar pq ele tb √© cancelado aqui fora,set(),'raiva',[0.35],[0.01],[0.26],[0.0],[0.36],[0.01],[0.0]
homem √© fiel igual o arthur aguiar,set(),'alegria',[0.5],[0.01],[0.32],[0.0],[0.16],[0.01],[0.0]
"RT @choquei: Tiago Abravanel acha que Jade Picon, Linn da Quebrada e Arthur Aguiar vai entrar. rs #BBB22",set(),'alegria',[0.5],[0.01],[0.32],[0.0],[0.16],[0.01],[0.0]
RT @Aguiarthur: AMANH√É √â O GRANDE DIA! ‚ú®üíõ,"{'‚ú®', 'üíõ'}",'alegria',[0.5],[0.01],[0.32],[0.0],[0.16],[0.01],[0.0]
"RT @brunorahall: a produ√ß√£o: nossa que barulho eh esse

o arthur aguiar com a psic√≥loga do bbb de madrugada: https://t.co/cT7msMpB2C",set(),'alegria',[0.5],[0.01],[0.32],[0.0],[0.16],[0.01],[0.0]
"Meu top 3 camarote (sem o arthur aguiar)

Scooby
Acerola
Neto do Silvio Santos 

A loira padr√£o (queria ser padr√£o‚Ä¶ https://t.co/dsL0lvTNiv",set(),'alegria',[0.5],[0.01],[0.32],[0.0],[0.16],[0.01],[0.0]
@Aguiarthur @BaixaEssaPorra,set(),'alegria',[0.5],[0.01],[0.32],[0.0],[0.16],[0.01],[0.0]
"RT @brunorahall: a produ√ß√£o: nossa que barulho eh esse

o arthur aguiar com a psic√≥loga do bbb de madrugada: https://t.co/cT7msMpB2C",set(),'alegria',[0.5],[0.01],[0.32],[0.0],[0.16],[0.01],[0.0]
Meu pai me chamando pra assistir bbb e eu explicando que s√≥ vou come√ßar a assistir amanh√£ quando o Arthur Aguiar e picon estiverem,set(),'alegria',[0.5],[0.01],[0.32],[0.0],[0.16],[0.01],[0.0]
vai ser decepcionante se o scooby virar amigo do chernobyl do arthur aguiar,set(),'neutro',[0.28],[0.01],[0.42],[0.0],[0.29],[0.01],[0.0]
RT @Aguiarthur: ELE T√Å VINDO A√ç!!!!! #BBB22 https://t.co/wzNlJPd2re,set(),'alegria',[0.5],[0.01],[0.32],[0.0],[0.16],[0.01],[0.0]
"@Aguiarthur Contando as horas, minutos e segundos para ele entrar na casa!!",set(),'alegria',[0.5],[0.01],[0.32],[0.0],[0.16],[0.01],[0.0]
"RT @brunorahall: a produ√ß√£o: nossa que barulho eh esse

o arthur aguiar com a psic√≥loga do bbb de madrugada: https://t.co/cT7msMpB2C",set(),'alegria',[0.5],[0.01],[0.32],[0.0],[0.16],[0.01],[0.0]
RT @Aguiarthur: ELE T√Å VINDO A√ç!!!!! #BBB22 https://t.co/wzNlJPd2re,set(),'alegria',[0.5],[0.01],[0.32],[0.0],[0.16],[0.01],[0.0]
"RT @brunorahall: a produ√ß√£o: nossa que barulho eh esse

o arthur aguiar com a psic√≥loga do bbb de madrugada: https://t.co/cT7msMpB2C",set(),'alegria',[0.5],[0.01],[0.32],[0.0],[0.16],[0.01],[0.0]
"RT @brunorahall: a produ√ß√£o: nossa que barulho eh esse

o arthur aguiar com a psic√≥loga do bbb de madrugada: https://t.co/cT7msMpB2C",set(),'alegria',[0.5],[0.01],[0.32],[0.0],[0.16],[0.01],[0.0]
que falta de respeito eles formando casais nem esperaram o arthur aguiar,set(),'alegria',[0.5],[0.01],[0.32],[0.0],[0.16],[0.01],[0.0]
"RT @choquei: Tiago Abravanel acha que Jade Picon, Linn da Quebrada e Arthur Aguiar vai entrar. rs #BBB22",set(),'alegria',[0.5],[0.01],[0.32],[0.0],[0.16],[0.01],[0.0]
@Aguiarthur Avisa que √© ele adm ü§§,{'ü§§'},'alegria',[0.5],[0.01],[0.32],[0.0],[0.16],[0.01],[0.0]
"RT @choquei: Jade Picon, Arthur Aguiar e Linn da Quebrada entrar√£o na casa do #BBB22 amanh√£ √†s 13h00",set(),'alegria',[0.5],[0.01],[0.32],[0.0],[0.16],[0.01],[0.0]
"Imagina o Arthur Aguiar entra amanh√£ no BBB, domingo vai pro pared√£o e na ter√ßa sai, ia ser hil√°rio se ele ficasse‚Ä¶ https://t.co/vRxPbN7hB2",set(),'neutro',[0.19],[0.01],[0.63],[0.01],[0.15],[0.01],[0.0]
"RT @brunorahall: a produ√ß√£o: nossa que barulho eh esse

o arthur aguiar com a psic√≥loga do bbb de madrugada: https://t.co/cT7msMpB2C",set(),'alegria',[0.5],[0.01],[0.32],[0.0],[0.16],[0.01],[0.0]
"RT @brunorahall: a produ√ß√£o: nossa que barulho eh esse

o arthur aguiar com a psic√≥loga do bbb de madrugada: https://t.co/cT7msMpB2C",set(),'alegria',[0.5],[0.01],[0.32],[0.0],[0.16],[0.01],[0.0]
"RT @brunorahall: a produ√ß√£o: nossa que barulho eh esse

o arthur aguiar com a psic√≥loga do bbb de madrugada: https://t.co/cT7msMpB2C",set(),'alegria',[0.5],[0.01],[0.32],[0.0],[0.16],[0.01],[0.0]
RT @Aguiarthur: ELE T√Å VINDO A√ç!!!!! #BBB22 https://t.co/wzNlJPd2re,set(),'alegria',[0.5],[0.01],[0.32],[0.0],[0.16],[0.01],[0.0]
"RT @NazareAmarga: a produ√ß√£o: nossa que barulho eh esse

o arthur aguiar com a psic√≥loga do bbb de madrugada: https://t.co/IxtkFlGuUq",set(),'alegria',[0.5],[0.01],[0.32],[0.0],[0.16],[0.01],[0.0]
@7kz77 @Aguiarthur @lovelyhope007,set(),'alegria',[0.5],[0.01],[0.32],[0.0],[0.16],[0.01],[0.0]
Arthur Aguiar tb,set(),'alegria',[0.5],[0.01],[0.32],[0.0],[0.16],[0.01],[0.0]
"RT @tracklist: üö® Jade Picon, Arthur Aguiar e Linn da Quebrada entrar√£o na casa do #BBB22 amanh√£ √†s 13h!",{'üö®'},'alegria',[0.5],[0.01],[0.32],[0.0],[0.16],[0.01],[0.0]
"RT @tracklist: üö® Jade Picon, Arthur Aguiar e Linn da Quebrada entrar√£o na casa do #BBB22 amanh√£ √†s 13h!",{'üö®'},'alegria',[0.5],[0.01],[0.32],[0.0],[0.16],[0.01],[0.0]
"RT @tracklist: Tiago Abravanel falou para os brothers que acha que as pessoas que faltam entrar no #BBB22 s√£o Jade Picon, Linn da Quebrada‚Ä¶",set(),'alegria',[0.5],[0.01],[0.32],[0.0],[0.16],[0.01],[0.0]
"@Aguiarthur juntos por um mundo mais rom√¢ntico, adm!  ‚ú®",{'‚ú®'},'alegria',[0.5],[0.01],[0.32],[0.0],[0.16],[0.01],[0.0]
"Arthur Aguiar, Linn da quebrada e Jade Picon vao entrar na casa do BBB amanh√£ √†s 13:00 hrs.",set(),'alegria',[0.5],[0.01],[0.32],[0.0],[0.16],[0.01],[0.0]
"RT @choquei: Jade Picon, Arthur Aguiar e Linn da Quebrada entrar√£o na casa do #BBB22 amanh√£ √†s 13h00",set(),'alegria',[0.5],[0.01],[0.32],[0.0],[0.16],[0.01],[0.0]
RT @Aguiarthur: ELE T√Å VINDO A√ç!!!!! #BBB22 https://t.co/wzNlJPd2re,set(),'alegria',[0.5],[0.01],[0.32],[0.0],[0.16],[0.01],[0.0]
@Aguiarthur @lovelyhope007 j√° somos 101% arthur aguiar,set(),'alegria',[0.5],[0.01],[0.32],[0.0],[0.16],[0.01],[0.0]
"RT @brunorahall: a produ√ß√£o: nossa que barulho eh esse

o arthur aguiar com a psic√≥loga do bbb de madrugada: https://t.co/cT7msMpB2C",set(),'alegria',[0.5],[0.01],[0.32],[0.0],[0.16],[0.01],[0.0]
que horas o gostoso campe√£o a.k.a Arthur Aguiar vai entrar? #bbb22,set(),'alegria',[0.5],[0.01],[0.32],[0.0],[0.16],[0.01],[0.0]
"RT @valerialeal1969: V√£o ter que"" engolir"" "" Canceladores de merda"" Scooby, Nayara s√£o uns fofos, principalmente o Scooby,e ainda tem o Art‚Ä¶",set(),'alegria',[0.5],[0.01],[0.32],[0.0],[0.16],[0.01],[0.0]
"BBB22: Jade Picon, Arthur Aguiar e Linn da Quebrada entram amanh√£ na casa. J√° sabe o hor√°rio ? https://t.co/0qD31fs6Nx",set(),'alegria',[0.5],[0.01],[0.32],[0.0],[0.16],[0.01],[0.0]
@Aguiarthur S√≥ amanh√£ mores,set(),'alegria',[0.5],[0.01],[0.32],[0.0],[0.16],[0.01],[0.0]
@Aguiarthur T√¥ muito ansiosaaa adm,set(),'alegria',[0.5],[0.01],[0.32],[0.0],[0.16],[0.01],[0.0]
"RT @brunorahall: a produ√ß√£o: nossa que barulho eh esse

o arthur aguiar com a psic√≥loga do bbb de madrugada: https://t.co/cT7msMpB2C",set(),'alegria',[0.5],[0.01],[0.32],[0.0],[0.16],[0.01],[0.0]
"RT @brunorahall: a produ√ß√£o: nossa que barulho eh esse

o arthur aguiar com a psic√≥loga do bbb de madrugada: https://t.co/cT7msMpB2C",set(),'alegria',[0.5],[0.01],[0.32],[0.0],[0.16],[0.01],[0.0]
Eu achando que meu @Aguiarthur entrava hoje #RedeBBB,set(),'alegria',[0.5],[0.01],[0.32],[0.0],[0.16],[0.01],[0.0]
"@Aguiarthur to tao ansiosa, vem a√≠",set(),'alegria',[0.5],[0.01],[0.32],[0.0],[0.16],[0.01],[0.0]
"RT @brunorahall: a produ√ß√£o: nossa que barulho eh esse

o arthur aguiar com a psic√≥loga do bbb de madrugada: https://t.co/cT7msMpB2C",set(),'alegria',[0.5],[0.01],[0.32],[0.0],[0.16],[0.01],[0.0]
"RT @brunorahall: a produ√ß√£o: nossa que barulho eh esse

o arthur aguiar com a psic√≥loga do bbb de madrugada: https://t.co/cT7msMpB2C",set(),'alegria',[0.5],[0.01],[0.32],[0.0],[0.16],[0.01],[0.0]
"RT @brunorahall: a produ√ß√£o: nossa que barulho eh esse

o arthur aguiar com a psic√≥loga do bbb de madrugada: https://t.co/cT7msMpB2C",set(),'alegria',[0.5],[0.01],[0.32],[0.0],[0.16],[0.01],[0.0]
"""BBB 22"": Jade Picon, Arthur Aguiar e Linn da Quebrada entram na casa nesta quinta; veja o hor√°rio (via @gzhdigital‚Ä¶ https://t.co/3RwCNx0J8Z",set(),'neutro',[0.26],[0.01],[0.58],[0.0],[0.13],[0.01],[0.0]
@Aguiarthur Ansiosa demais! N√£o sei nem se durmo essa noite ü§°,{'ü§°'},'alegria',[0.5],[0.01],[0.32],[0.0],[0.16],[0.01],[0.0]
"RT @tracklist: Tiago Abravanel falou para os brothers que acha que as pessoas que faltam entrar no #BBB22 s√£o Jade Picon, Linn da Quebrada‚Ä¶",set(),'alegria',[0.5],[0.01],[0.32],[0.0],[0.16],[0.01],[0.0]
"RT @brunorahall: a produ√ß√£o: nossa que barulho eh esse

o arthur aguiar com a psic√≥loga do bbb de madrugada: https://t.co/cT7msMpB2C",set(),'alegria',[0.5],[0.01],[0.32],[0.0],[0.16],[0.01],[0.0]
"#BBB22 #bbb2022 A entrada da Linn  Da Quebrada, Jade Picon e Arthur Aguiar ser√° nessa quinta-feira 20/01 as 13:00 hs",set(),'alegria',[0.5],[0.01],[0.32],[0.0],[0.16],[0.01],[0.0]
@fruitygurls a esposa do Arthur Aguiar kkkkkkkkkk,set(),'alegria',[0.5],[0.01],[0.32],[0.0],[0.16],[0.01],[0.0]
@Aguiarthur Que dan√ßa √© essa meu pai?,set(),'alegria',[0.5],[0.01],[0.32],[0.0],[0.16],[0.01],[0.0]
@Aguiarthur s√≥ vem papis,set(),'alegria',[0.5],[0.01],[0.32],[0.0],[0.16],[0.01],[0.0]
"RT @tracklist: üö® Jade Picon, Arthur Aguiar e Linn da Quebrada entrar√£o na casa do #BBB22 amanh√£ √†s 13h!",{'üö®'},'alegria',[0.5],[0.01],[0.32],[0.0],[0.16],[0.01],[0.0]
RT @Aguiarthur: AMANH√É √â O GRANDE DIA! ‚ú®üíõ,"{'‚ú®', 'üíõ'}",'alegria',[0.5],[0.01],[0.32],[0.0],[0.16],[0.01],[0.0]
"ELES EST√ÉO CHEGANDO üö®! Arthur Aguiar, Jade Picon e Linn da Quebrada, testaram negativ0 pra cov1d-19 e entrar√£o na c‚Ä¶ https://t.co/T4F95J57T3",{'üö®'},'alegria',[0.5],[0.01],[0.32],[0.0],[0.16],[0.01],[0.0]
"RT @tracklist: Tiago Abravanel falou para os brothers que acha que as pessoas que faltam entrar no #BBB22 s√£o Jade Picon, Linn da Quebrada‚Ä¶",set(),'alegria',[0.5],[0.01],[0.32],[0.0],[0.16],[0.01],[0.0]
"RT @choquei: Jade Picon, Linn da Quebrada e Arthur Aguiar est√£o negativados para a COVID-19. Eles entrar√£o na casa amanh√£ pela manh√£. #BBB22",set(),'alegria',[0.5],[0.01],[0.32],[0.0],[0.16],[0.01],[0.0]
"RT @tracklist: üö® Jade Picon, Arthur Aguiar e Linn da Quebrada entrar√£o na casa do #BBB22 amanh√£ √†s 13h!",{'üö®'},'alegria',[0.5],[0.01],[0.32],[0.0],[0.16],[0.01],[0.0]
"RT @tracklist: üö® Jade Picon, Arthur Aguiar e Linn da Quebrada entrar√£o na casa do #BBB22 amanh√£ √†s 13h!",{'üö®'},'alegria',[0.5],[0.01],[0.32],[0.0],[0.16],[0.01],[0.0]
"Sem nada pra fazer, ent√£o decidi fazer uma lista dos meus favs e odiados a cada semana do #BBB222:

Favs:
1- Jade P‚Ä¶ https://t.co/JJaymfC5iI",set(),'alegria',[0.5],[0.01],[0.32],[0.0],[0.16],[0.01],[0.0]
RT @_gabbre: sdd de quando arthur aguiar era apenas diego namorado de roberta,set(),'alegria',[0.5],[0.01],[0.32],[0.0],[0.16],[0.01],[0.0]
"RT @tracklist: üö® Jade Picon, Arthur Aguiar e Linn da Quebrada entrar√£o na casa do #BBB22 amanh√£ √†s 13h!",{'üö®'},'alegria',[0.5],[0.01],[0.32],[0.0],[0.16],[0.01],[0.0]
"RT @NazareAmarga: a produ√ß√£o: nossa que barulho eh esse

o arthur aguiar com a psic√≥loga do bbb de madrugada: https://t.co/IxtkFlGuUq",set(),'alegria',[0.5],[0.01],[0.32],[0.0],[0.16],[0.01],[0.0]
@Aguiarthur Segue segue segue,set(),'alegria',[0.5],[0.01],[0.32],[0.0],[0.16],[0.01],[0.0]
"RT @brunorahall: a produ√ß√£o: nossa que barulho eh esse

o arthur aguiar com a psic√≥loga do bbb de madrugada: https://t.co/cT7msMpB2C",set(),'alegria',[0.5],[0.01],[0.32],[0.0],[0.16],[0.01],[0.0]
"podem at√© me julgar mas minha opini√£o sobre esse tal de Arthur Aguiar, um homem que traiu 16 vezes a esposa e foi p‚Ä¶ https://t.co/pYPK0nadzt",set(),'alegria',[0.5],[0.01],[0.32],[0.0],[0.16],[0.01],[0.0]
@Juu_gabri @laraju26 Se voc√™ soubesse o tanto de chifres que est√£o sendo descobertos aqui no monte a n√≠vel Arthur A‚Ä¶ https://t.co/pfLwqYFmho,set(),'alegria',[0.5],[0.01],[0.32],[0.0],[0.16],[0.01],[0.0]
quase colocando juridico arthur aguiar no nome so consigo pensar aquele homem todo momento,set(),'alegria',[0.5],[0.01],[0.32],[0.0],[0.16],[0.01],[0.0]
@cewcilya @Aguiarthur Bjsü§ó,{'ü§ó'},'alegria',[0.5],[0.01],[0.32],[0.0],[0.16],[0.01],[0.0]
RT @Aguiarthur: ELE T√Å VINDO A√ç!!!!! #BBB22 https://t.co/wzNlJPd2re,set(),'alegria',[0.5],[0.01],[0.32],[0.0],[0.16],[0.01],[0.0]
RT @NazareAmarga: O Arthur Aguiar nesse tempo confinado deve ter pegado todas as camareiras do hotel üó£Ô∏è #BBB22,{'üó£Ô∏è'},'alegria',[0.49],[0.01],[0.37],[0.0],[0.13],[0.01],[0.0]
RT @Aguiarthur: ELE T√Å VINDO A√ç!!!!! #BBB22 https://t.co/wzNlJPd2re,set(),'alegria',[0.5],[0.01],[0.32],[0.0],[0.16],[0.01],[0.0]
"RT @brunorahall: a produ√ß√£o: nossa que barulho eh esse

o arthur aguiar com a psic√≥loga do bbb de madrugada: https://t.co/cT7msMpB2C",set(),'alegria',[0.5],[0.01],[0.32],[0.0],[0.16],[0.01],[0.0]
RT @Aguiarthur: ELE T√Å VINDO A√ç!!!!! #BBB22 https://t.co/wzNlJPd2re,set(),'alegria',[0.5],[0.01],[0.32],[0.0],[0.16],[0.01],[0.0]
"RT @brunorahall: a produ√ß√£o: nossa que barulho eh esse

o arthur aguiar com a psic√≥loga do bbb de madrugada: https://t.co/cT7msMpB2C",set(),'alegria',[0.5],[0.01],[0.32],[0.0],[0.16],[0.01],[0.0]
"RT @tracklist: üö® Jade Picon, Arthur Aguiar e Linn da Quebrada entrar√£o na casa do #BBB22 amanh√£ √†s 13h!",{'üö®'},'alegria',[0.5],[0.01],[0.32],[0.0],[0.16],[0.01],[0.0]
"RT @tracklist: üö® Jade Picon, Arthur Aguiar e Linn da Quebrada entrar√£o na casa do #BBB22 amanh√£ √†s 13h!",{'üö®'},'alegria',[0.5],[0.01],[0.32],[0.0],[0.16],[0.01],[0.0]
RT @Aguiarthur: AMANH√É √â O GRANDE DIA! ‚ú®üíõ,"{'‚ú®', 'üíõ'}",'alegria',[0.5],[0.01],[0.32],[0.0],[0.16],[0.01],[0.0]
RT @Aguiarthur: ELE T√Å VINDO A√ç!!!!! #BBB22 https://t.co/wzNlJPd2re,set(),'alegria',[0.5],[0.01],[0.32],[0.0],[0.16],[0.01],[0.0]
oh perigo da gente tirar a jade pic√£o e o arthur aguiar nosso entretenimento https://t.co/PuRZbIFU8F,set(),'alegria',[0.5],[0.01],[0.32],[0.0],[0.16],[0.01],[0.0]
RT @caismila: mayra cardi aproveita que o arthur aguiar foi pro bbb e reage mulher bota um cropped,set(),'alegria',[0.5],[0.01],[0.32],[0.0],[0.16],[0.01],[0.0]
"RT @tracklist: Tiago Abravanel falou para os brothers que acha que as pessoas que faltam entrar no #BBB22 s√£o Jade Picon, Linn da Quebrada‚Ä¶",set(),'alegria',[0.5],[0.01],[0.32],[0.0],[0.16],[0.01],[0.0]
@Aguiarthur ADM me segue,set(),'alegria',[0.5],[0.01],[0.32],[0.0],[0.16],[0.01],[0.0]
"RT @VitinMoraees: @Casimiro Provas de resist√™ncia personalizadas:

Luciano: 30 minutos sem punheta
Arthur Aguiar: 2 horas sem trair a mulhe‚Ä¶",set(),'alegria',[0.5],[0.01],[0.32],[0.0],[0.16],[0.01],[0.0]
"RT @tracklist: üö® Jade Picon, Arthur Aguiar e Linn da Quebrada entrar√£o na casa do #BBB22 amanh√£ √†s 13h!",{'üö®'},'alegria',[0.5],[0.01],[0.32],[0.0],[0.16],[0.01],[0.0]
espero amanh√£ chegar pois essa edi√ß√£o est√° p√©ssima sem o king @Aguiarthur,set(),'alegria',[0.5],[0.01],[0.32],[0.0],[0.16],[0.01],[0.0]
RT @VINIClUX: medo de abrirem a dispensa e o arthur aguiar estar agarrando um dummy,set(),'alegria',[0.5],[0.01],[0.32],[0.0],[0.16],[0.01],[0.0]
@Cinlinda123 @Aguiarthur T√° bom querida obrigada‚ù§‚ù§,set(),'alegria',[0.5],[0.01],[0.32],[0.0],[0.16],[0.01],[0.0]
"üö® Jade Picon, Arthur Aguiar e Linn da Quebrada entrar√£o na casa do #BBB22 amanh√£ √†s 13h!",{'üö®'},'alegria',[0.5],[0.01],[0.32],[0.0],[0.16],[0.01],[0.0]
"RT @brunorahall: a produ√ß√£o: nossa que barulho eh esse

o arthur aguiar com a psic√≥loga do bbb de madrugada: https://t.co/cT7msMpB2C",set(),'alegria',[0.5],[0.01],[0.32],[0.0],[0.16],[0.01],[0.0]
"RT @brunorahall: a produ√ß√£o: nossa que barulho eh esse

o arthur aguiar com a psic√≥loga do bbb de madrugada: https://t.co/cT7msMpB2C",set(),'alegria',[0.5],[0.01],[0.32],[0.0],[0.16],[0.01],[0.0]
RT @heavning: O kingo Arthur Aguiar na edi√ß√£o  https://t.co/YHbMdnsW0J,set(),'alegria',[0.5],[0.01],[0.32],[0.0],[0.16],[0.01],[0.0]
"RT @brunorahall: a produ√ß√£o: nossa que barulho eh esse

o arthur aguiar com a psic√≥loga do bbb de madrugada: https://t.co/cT7msMpB2C",set(),'alegria',[0.5],[0.01],[0.32],[0.0],[0.16],[0.01],[0.0]
RT @Aguiarthur: ELE T√Å VINDO A√ç!!!!! #BBB22 https://t.co/wzNlJPd2re,set(),'alegria',[0.5],[0.01],[0.32],[0.0],[0.16],[0.01],[0.0]
"RT @tracklist: üö® Jade Picon, Arthur Aguiar e Linn da Quebrada entrar√£o na casa do #BBB22 amanh√£ √†s 13h!",{'üö®'},'alegria',[0.5],[0.01],[0.32],[0.0],[0.16],[0.01],[0.0]
√öltimo dia sem Jade Picon e Arthur Aguiar. Espero que dure o m√°ximo poss√≠vel.,set(),'neutro',[0.33],[0.01],[0.48],[0.0],[0.17],[0.01],[0.0]
"RT @brunorahall: a produ√ß√£o: nossa que barulho eh esse

o arthur aguiar com a psic√≥loga do bbb de madrugada: https://t.co/cT7msMpB2C",set(),'alegria',[0.5],[0.01],[0.32],[0.0],[0.16],[0.01],[0.0]
Esperando Arthur Aguiar entra no BBB pra v√™ o povo mete pau nele,set(),'alegria',[0.5],[0.01],[0.32],[0.0],[0.16],[0.01],[0.0]
"RT @eslomarques: Desejando melhoras a @linndaquebrada, @jadepicon e @Aguiarthur ‚ù§Ô∏èüôèüèª","{'‚ù§Ô∏è', 'üôè'}",'alegria',[0.5],[0.01],[0.32],[0.0],[0.16],[0.01],[0.0]
"RT @tracklist: Tiago Abravanel falou para os brothers que acha que as pessoas que faltam entrar no #BBB22 s√£o Jade Picon, Linn da Quebrada‚Ä¶",set(),'alegria',[0.5],[0.01],[0.32],[0.0],[0.16],[0.01],[0.0]
"RT @brunorahall: a produ√ß√£o: nossa que barulho eh esse

o arthur aguiar com a psic√≥loga do bbb de madrugada: https://t.co/cT7msMpB2C",set(),'alegria',[0.5],[0.01],[0.32],[0.0],[0.16],[0.01],[0.0]
"RT @brunorahall: a produ√ß√£o: nossa que barulho eh esse

o arthur aguiar com a psic√≥loga do bbb de madrugada: https://t.co/cT7msMpB2C",set(),'alegria',[0.5],[0.01],[0.32],[0.0],[0.16],[0.01],[0.0]
"RT @brunorahall: a produ√ß√£o: nossa que barulho eh esse

o arthur aguiar com a psic√≥loga do bbb de madrugada: https://t.co/cT7msMpB2C",set(),'alegria',[0.5],[0.01],[0.32],[0.0],[0.16],[0.01],[0.0]
RT @Aguiarthur: AMANH√É √â O GRANDE DIA! ‚ú®üíõ,"{'‚ú®', 'üíõ'}",'alegria',[0.5],[0.01],[0.32],[0.0],[0.16],[0.01],[0.0]
"RT @brunorahall: a produ√ß√£o: nossa que barulho eh esse

o arthur aguiar com a psic√≥loga do bbb de madrugada: https://t.co/cT7msMpB2C",set(),'alegria',[0.5],[0.01],[0.32],[0.0],[0.16],[0.01],[0.0]
"RT @tracklist: üö® Jade Picon, Arthur Aguiar e Linn da Quebrada entrar√£o na casa do #BBB22 amanh√£ √†s 13h!",{'üö®'},'alegria',[0.5],[0.01],[0.32],[0.0],[0.16],[0.01],[0.0]
"RT @tracklist: Tiago Abravanel falou para os brothers que acha que as pessoas que faltam entrar no #BBB22 s√£o Jade Picon, Linn da Quebrada‚Ä¶",set(),'alegria',[0.5],[0.01],[0.32],[0.0],[0.16],[0.01],[0.0]
"RT @tracklist: Tiago Abravanel falou para os brothers que acha que as pessoas que faltam entrar no #BBB22 s√£o Jade Picon, Linn da Quebrada‚Ä¶",set(),'alegria',[0.5],[0.01],[0.32],[0.0],[0.16],[0.01],[0.0]
"RT @tracklist: Tiago Abravanel falou para os brothers que acha que as pessoas que faltam entrar no #BBB22 s√£o Jade Picon, Linn da Quebrada‚Ä¶",set(),'alegria',[0.5],[0.01],[0.32],[0.0],[0.16],[0.01],[0.0]
"RT @brunorahall: a produ√ß√£o: nossa que barulho eh esse

o arthur aguiar com a psic√≥loga do bbb de madrugada: https://t.co/cT7msMpB2C",set(),'alegria',[0.5],[0.01],[0.32],[0.0],[0.16],[0.01],[0.0]
"RT @choquei: Tiago Abravanel acha que Jade Picon, Linn da Quebrada e Arthur Aguiar vai entrar. rs #BBB22",set(),'alegria',[0.5],[0.01],[0.32],[0.0],[0.16],[0.01],[0.0]
"RT @brunorahall: a produ√ß√£o: nossa que barulho eh esse

o arthur aguiar com a psic√≥loga do bbb de madrugada: https://t.co/cT7msMpB2C",set(),'alegria',[0.5],[0.01],[0.32],[0.0],[0.16],[0.01],[0.0]
"RT @tracklist: üö® Jade Picon, Arthur Aguiar e Linn da Quebrada entrar√£o na casa do #BBB22 amanh√£ √†s 13h!",{'üö®'},'alegria',[0.5],[0.01],[0.32],[0.0],[0.16],[0.01],[0.0]
"RT @tracklist: Tiago Abravanel falou para os brothers que acha que as pessoas que faltam entrar no #BBB22 s√£o Jade Picon, Linn da Quebrada‚Ä¶",set(),'alegria',[0.5],[0.01],[0.32],[0.0],[0.16],[0.01],[0.0]
Acho que o Arthur Aguiar t√° com a minha https://t.co/7kmJ4VPIEt,set(),'alegria',[0.5],[0.01],[0.32],[0.0],[0.16],[0.01],[0.0]
@Aguiarthur amooo,set(),'alegria',[0.5],[0.01],[0.32],[0.0],[0.16],[0.01],[0.0]
"RT @choquei: Jade Picon, Arthur Aguiar e Linn da Quebrada entrar√£o na casa do #BBB22 amanh√£ √†s 13h00",set(),'alegria',[0.5],[0.01],[0.32],[0.0],[0.16],[0.01],[0.0]
@cewcilya @Aguiarthur Estranho no meu tem procure por estrela. Ent√£o copie e cole.,set(),'alegria',[0.5],[0.01],[0.32],[0.0],[0.16],[0.01],[0.0]
"RT @brunorahall: a produ√ß√£o: nossa que barulho eh esse

o arthur aguiar com a psic√≥loga do bbb de madrugada: https://t.co/cT7msMpB2C",set(),'alegria',[0.5],[0.01],[0.32],[0.0],[0.16],[0.01],[0.0]
@Aguiarthur @andrea09691185 https://t.co/9AWNgni7QV,set(),'alegria',[0.5],[0.01],[0.32],[0.0],[0.16],[0.01],[0.0]
RT @Aguiarthur: ELE T√Å VINDO A√ç!!!!! #BBB22 https://t.co/wzNlJPd2re,set(),'alegria',[0.5],[0.01],[0.32],[0.0],[0.16],[0.01],[0.0]
"RT @tracklist: Tiago Abravanel falou para os brothers que acha que as pessoas que faltam entrar no #BBB22 s√£o Jade Picon, Linn da Quebrada‚Ä¶",set(),'alegria',[0.5],[0.01],[0.32],[0.0],[0.16],[0.01],[0.0]
"se eu entrasse no bbb ia reconhecer:
Naiara Azevedo ‚úÖ
Tiago Abravanel ‚úÖ
Linn da Quebrada ‚ùå
Douglas Silva  ‚ùå
Arthur‚Ä¶ https://t.co/sz5ACBKc0u","{'‚ùå', '‚úÖ'}",'alegria',[0.5],[0.01],[0.32],[0.0],[0.16],[0.01],[0.0]
RT @_srtalycia: Maria querendo bocas femininas pra beijar e n√£o tem nenhuma que curta a n√£o ser a Brunna que √© o oposto do Arthur Aguiar. B‚Ä¶,set(),'alegria',[0.5],[0.01],[0.32],[0.0],[0.16],[0.01],[0.0]
"RT @choquei: Tiago Abravanel acha que Jade Picon, Linn da Quebrada e Arthur Aguiar vai entrar. rs #BBB22",set(),'alegria',[0.5],[0.01],[0.32],[0.0],[0.16],[0.01],[0.0]
@Cinlinda123 @Aguiarthur Mas n√£o tem no me teclado estou a tarde toda procurandoü§¶‚Äç‚ôÄÔ∏èü§¶‚Äç‚ôÄÔ∏è,{'ü§¶\u200d‚ôÄÔ∏è'},'alegria',[0.5],[0.01],[0.32],[0.0],[0.16],[0.01],[0.0]
@iSahPriorzete @Aguiarthur Ela merece um follow ADM kkkkk,set(),'alegria',[0.5],[0.01],[0.32],[0.0],[0.16],[0.01],[0.0]
"@Aguiarthur Boa noite adm, ansiosa para assistir meu eterno ""Diego"". Me segue adm",set(),'neutro',[0.33],[0.01],[0.48],[0.0],[0.17],[0.01],[0.0]
"RT @choquei: Jade Picon, Arthur Aguiar e Linn da Quebrada entrar√£o na casa do #BBB22 amanh√£ √†s 13h00",set(),'alegria',[0.5],[0.01],[0.32],[0.0],[0.16],[0.01],[0.0]
"RT @tracklist: Tiago Abravanel falou para os brothers que acha que as pessoas que faltam entrar no #BBB22 s√£o Jade Picon, Linn da Quebrada‚Ä¶",set(),'alegria',[0.5],[0.01],[0.32],[0.0],[0.16],[0.01],[0.0]
"RT @tracklist: üö® Jade Picon, Arthur Aguiar e Linn da Quebrada entrar√£o na casa do #BBB22 amanh√£ √†s 13h!",{'üö®'},'alegria',[0.5],[0.01],[0.32],[0.0],[0.16],[0.01],[0.0]
@cewcilya @Aguiarthur Mandei na DM tamb√©müåπüåπ,{'üåπ'},'alegria',[0.5],[0.01],[0.32],[0.0],[0.16],[0.01],[0.0]
@Aguiarthur Ansiosa,set(),'alegria',[0.5],[0.01],[0.32],[0.0],[0.16],[0.01],[0.0]
"RT @brunorahall: a produ√ß√£o: nossa que barulho eh esse

o arthur aguiar com a psic√≥loga do bbb de madrugada: https://t.co/cT7msMpB2C",set(),'alegria',[0.5],[0.01],[0.32],[0.0],[0.16],[0.01],[0.0]
"RT @brunorahall: a produ√ß√£o: nossa que barulho eh esse

o arthur aguiar com a psic√≥loga do bbb de madrugada: https://t.co/cT7msMpB2C",set(),'alegria',[0.5],[0.01],[0.32],[0.0],[0.16],[0.01],[0.0]
"RT @brunorahall: a produ√ß√£o: nossa que barulho eh esse

o arthur aguiar com a psic√≥loga do bbb de madrugada: https://t.co/cT7msMpB2C",set(),'alegria',[0.5],[0.01],[0.32],[0.0],[0.16],[0.01],[0.0]
"RT @tracklist: Tiago Abravanel falou para os brothers que acha que as pessoas que faltam entrar no #BBB22 s√£o Jade Picon, Linn da Quebrada‚Ä¶",set(),'alegria',[0.5],[0.01],[0.32],[0.0],[0.16],[0.01],[0.0]
"@Haddefinir Espero a mesma coisa do Arthur Aguiar. Deve ser √≥timo √† primeira vista, por√©m...",set(),'neutro',[0.15],[0.01],[0.45],[0.0],[0.39],[0.0],[0.0]
@cewcilya @Aguiarthur ‚ú®,{'‚ú®'},'alegria',[0.5],[0.01],[0.32],[0.0],[0.16],[0.01],[0.0]
"RT @iamandabc: ‚Äú√© arthur aguiar?‚Äù
‚Äún√£o sei de quem que ele √© marido s√≥ sei que pegou a metade do brasil‚Äù https://t.co/EikBK92B3J",set(),'alegria',[0.5],[0.01],[0.32],[0.0],[0.16],[0.01],[0.0]
"RT @brunorahall: a produ√ß√£o: nossa que barulho eh esse

o arthur aguiar com a psic√≥loga do bbb de madrugada: https://t.co/cT7msMpB2C",set(),'alegria',[0.5],[0.01],[0.32],[0.0],[0.16],[0.01],[0.0]
@Aguiarthur Me segue adm,set(),'alegria',[0.5],[0.01],[0.32],[0.0],[0.16],[0.01],[0.0]
"RT @choquei: Jade Picon, Linn da Quebrada e Arthur Aguiar est√£o negativados para a COVID-19. Eles entrar√£o na casa amanh√£ pela manh√£. #BBB22",set(),'alegria',[0.5],[0.01],[0.32],[0.0],[0.16],[0.01],[0.0]
"RT @brunorahall: a produ√ß√£o: nossa que barulho eh esse

o arthur aguiar com a psic√≥loga do bbb de madrugada: https://t.co/cT7msMpB2C",set(),'alegria',[0.5],[0.01],[0.32],[0.0],[0.16],[0.01],[0.0]
"RT @brunorahall: a produ√ß√£o: nossa que barulho eh esse

o arthur aguiar com a psic√≥loga do bbb de madrugada: https://t.co/cT7msMpB2C",set(),'alegria',[0.5],[0.01],[0.32],[0.0],[0.16],[0.01],[0.0]
"RT @iamandabc: ‚Äú√© arthur aguiar?‚Äù
‚Äún√£o sei de quem que ele √© marido s√≥ sei que pegou a metade do brasil‚Äù https://t.co/EikBK92B3J",set(),'alegria',[0.5],[0.01],[0.32],[0.0],[0.16],[0.01],[0.0]
RT @Aguiarthur: ELE T√Å VINDO A√ç!!!!! #BBB22 https://t.co/wzNlJPd2re,set(),'alegria',[0.5],[0.01],[0.32],[0.0],[0.16],[0.01],[0.0]
@ribeiromanuelaa @DisreisDiogo @chicobarney al√©m de trair a mulher fode entretenimento alheio vtmnc arthur aguiar,set(),'alegria',[0.5],[0.01],[0.32],[0.0],[0.16],[0.01],[0.0]
"RT @brunorahall: a produ√ß√£o: nossa que barulho eh esse

o arthur aguiar com a psic√≥loga do bbb de madrugada: https://t.co/cT7msMpB2C",set(),'alegria',[0.5],[0.01],[0.32],[0.0],[0.16],[0.01],[0.0]
"RT @choquei: Jade Picon, Arthur Aguiar e Linn da Quebrada entrar√£o na casa do #BBB22 amanh√£ √†s 13h00",set(),'alegria',[0.5],[0.01],[0.32],[0.0],[0.16],[0.01],[0.0]
"RT @brunorahall: a produ√ß√£o: nossa que barulho eh esse

o arthur aguiar com a psic√≥loga do bbb de madrugada: https://t.co/cT7msMpB2C",set(),'alegria',[0.5],[0.01],[0.32],[0.0],[0.16],[0.01],[0.0]
@Aguiarthur ‚ú®‚ú®‚ú®,{'‚ú®'},'alegria',[0.5],[0.01],[0.32],[0.0],[0.16],[0.01],[0.0]
@iSahPriorzete @Aguiarthur Ja ta mendigando kkk,set(),'alegria',[0.5],[0.01],[0.32],[0.0],[0.16],[0.01],[0.0]
"RT @tracklist: Tiago Abravanel falou para os brothers que acha que as pessoas que faltam entrar no #BBB22 s√£o Jade Picon, Linn da Quebrada‚Ä¶",set(),'alegria',[0.5],[0.01],[0.32],[0.0],[0.16],[0.01],[0.0]
@Cinlinda123 @Aguiarthur Amiga n√£o achei no meu teclado o emoji deleüëÄ,{'üëÄ'},'alegria',[0.5],[0.01],[0.32],[0.0],[0.16],[0.01],[0.0]
"RT @Aguiarthur: ‚ú® FOLLOW TRICK DO #TeamAguiar  ‚ú®

- RT e FAV
- Comente o emoji ‚ú®
- Seguir quem deu RT e FAV
- Seguir quem curtir seu emoji‚Ä¶",{'‚ú®'},'alegria',[0.5],[0.01],[0.32],[0.0],[0.16],[0.01],[0.0]
"RT @brunorahall: a produ√ß√£o: nossa que barulho eh esse

o arthur aguiar com a psic√≥loga do bbb de madrugada: https://t.co/cT7msMpB2C",set(),'alegria',[0.5],[0.01],[0.32],[0.0],[0.16],[0.01],[0.0]
"RT @tracklist: Tiago Abravanel falou para os brothers que acha que as pessoas que faltam entrar no #BBB22 s√£o Jade Picon, Linn da Quebrada‚Ä¶",set(),'alegria',[0.5],[0.01],[0.32],[0.0],[0.16],[0.01],[0.0]
"RT @bchartsnet: üö®Eles est√£o chegando! Linn Da Quebrada, Jade Picon e Arthur Aguiar entram no #BBB22 nesta quinta-feira pela manh√£. https://‚Ä¶",{'üö®'},'alegria',[0.5],[0.01],[0.32],[0.0],[0.16],[0.01],[0.0]
vai ser esse cara q vai chegar no Arthur Aguiar e falar sobre trai√ß√£o CERTEZA https://t.co/nGAXFuB0TK,set(),'neutro',[0.08],[0.01],[0.79],[0.0],[0.12],[0.0],[0.0]
RT @_srtalycia: Maria querendo bocas femininas pra beijar e n√£o tem nenhuma que curta a n√£o ser a Brunna que √© o oposto do Arthur Aguiar. B‚Ä¶,set(),'alegria',[0.5],[0.01],[0.32],[0.0],[0.16],[0.01],[0.0]
"RT @brunorahall: a produ√ß√£o: nossa que barulho eh esse

o arthur aguiar com a psic√≥loga do bbb de madrugada: https://t.co/cT7msMpB2C",set(),'alegria',[0.5],[0.01],[0.32],[0.0],[0.16],[0.01],[0.0]
"Sonhei que o Arthur Aguiar estava traindo mayra card com a Lays kkkkkkk 
 #BBB22",set(),'alegria',[0.5],[0.01],[0.32],[0.0],[0.16],[0.01],[0.0]
RT @Aguiarthur: AMANH√É √â O GRANDE DIA! ‚ú®üíõ,"{'‚ú®', 'üíõ'}",'alegria',[0.5],[0.01],[0.32],[0.0],[0.16],[0.01],[0.0]
RT @Aguiarthur: ELE T√Å VINDO A√ç!!!!! #BBB22 https://t.co/wzNlJPd2re,set(),'alegria',[0.5],[0.01],[0.32],[0.0],[0.16],[0.01],[0.0]
@zactryx @caiopnd12 @Dantinhas hoje mesmo ele (Rodrigo) disse que antes de entrar no pre-confinamento disse que ele‚Ä¶ https://t.co/E9AiL3JgqL,set(),'alegria',[0.5],[0.01],[0.32],[0.0],[0.16],[0.01],[0.0]
"RT @fishkhaos: Pedro Scooby sem fumar maconha e Arthur Aguiar sem trair a esposa, quem vai virar o coringa primeiro?",set(),'alegria',[0.5],[0.01],[0.32],[0.0],[0.16],[0.01],[0.0]
"RT @brunorahall: a produ√ß√£o: nossa que barulho eh esse

o arthur aguiar com a psic√≥loga do bbb de madrugada: https://t.co/cT7msMpB2C",set(),'alegria',[0.5],[0.01],[0.32],[0.0],[0.16],[0.01],[0.0]
RT @Aguiarthur: ELE T√Å VINDO A√ç!!!!! #BBB22 https://t.co/wzNlJPd2re,set(),'alegria',[0.5],[0.01],[0.32],[0.0],[0.16],[0.01],[0.0]
@gittwita @Aguiarthur @Aguiarthur adm segue ela aqui,set(),'alegria',[0.5],[0.01],[0.32],[0.0],[0.16],[0.01],[0.0]
"RT @brunorahall: a produ√ß√£o: nossa que barulho eh esse

o arthur aguiar com a psic√≥loga do bbb de madrugada: https://t.co/cT7msMpB2C",set(),'alegria',[0.5],[0.01],[0.32],[0.0],[0.16],[0.01],[0.0]
RT @Aguiarthur: ELE T√Å VINDO A√ç!!!!! #BBB22 https://t.co/wzNlJPd2re,set(),'alegria',[0.5],[0.01],[0.32],[0.0],[0.16],[0.01],[0.0]
"RT @tracklist: üö® Jade Picon, Arthur Aguiar e Linn da Quebrada entrar√£o na casa do #BBB22 amanh√£ √†s 13h!",{'üö®'},'alegria',[0.5],[0.01],[0.32],[0.0],[0.16],[0.01],[0.0]
"@RealitysVip VTZEIRA = Naiara
PLANTA = Maria e Paulo
1¬∞ ELIMINADO = Luciano
CANCELADO = Naiara e Arthur Aguiar
CAMPE√É = Esl√¥",set(),'alegria',[0.5],[0.01],[0.32],[0.0],[0.16],[0.01],[0.0]
RT @Aguiarthur: AMANH√É √â O GRANDE DIA! ‚ú®üíõ,"{'‚ú®', 'üíõ'}",'alegria',[0.5],[0.01],[0.32],[0.0],[0.16],[0.01],[0.0]
sinto q o arthur aguiar vai servir mt,set(),'alegria',[0.5],[0.01],[0.32],[0.0],[0.16],[0.01],[0.0]
@Aguiarthur t√¥ ansiooosa adm,set(),'alegria',[0.5],[0.01],[0.32],[0.0],[0.16],[0.01],[0.0]
"@Aguiarthur adm, se o arthur √© fiel me segue, sen√£o s√≥ olha
https://t.co/hYldkQXEDO",set(),'alegria',[0.5],[0.01],[0.32],[0.0],[0.16],[0.01],[0.0]
"@RealitysVip - VTZEIRO(A): Naiara
- PLANTA: Lucas
- 1¬∞ ELIMINADO(A): Lucas/Luciano
- CANCELADO: Arthur Aguiar/Naiar‚Ä¶ https://t.co/E0N65WJGBz",set(),'alegria',[0.5],[0.01],[0.32],[0.0],[0.16],[0.01],[0.0]
"RT @tracklist: üö® Jade Picon, Arthur Aguiar e Linn da Quebrada entrar√£o na casa do #BBB22 amanh√£ √†s 13h!",{'üö®'},'alegria',[0.5],[0.01],[0.32],[0.0],[0.16],[0.01],[0.0]
"RT @brunorahall: a produ√ß√£o: nossa que barulho eh esse

o arthur aguiar com a psic√≥loga do bbb de madrugada: https://t.co/cT7msMpB2C",set(),'alegria',[0.5],[0.01],[0.32],[0.0],[0.16],[0.01],[0.0]
"se eu entrasse no bbb ia reconhecer:
Naiara Azevedo ‚úÖ
Tiago Abravanel ‚úÖ
Linn da Quebrada ‚úÖ
Douglas Silva  ‚ùå
Arthur‚Ä¶ https://t.co/e4loz1eGOW","{'‚ùå', '‚úÖ'}",'alegria',[0.5],[0.01],[0.32],[0.0],[0.16],[0.01],[0.0]
"RT @fishkhaos: Pedro Scooby sem fumar maconha e Arthur Aguiar sem trair a esposa, quem vai virar o coringa primeiro?",set(),'alegria',[0.5],[0.01],[0.32],[0.0],[0.16],[0.01],[0.0]
"RT @brunorahall: a produ√ß√£o: nossa que barulho eh esse

o arthur aguiar com a psic√≥loga do bbb de madrugada: https://t.co/cT7msMpB2C",set(),'alegria',[0.5],[0.01],[0.32],[0.0],[0.16],[0.01],[0.0]
@Aguiarthur adm t√¥ esperando vc me seguir,set(),'alegria',[0.5],[0.01],[0.32],[0.0],[0.16],[0.01],[0.0]
"RT @brunorahall: a produ√ß√£o: nossa que barulho eh esse

o arthur aguiar com a psic√≥loga do bbb de madrugada: https://t.co/cT7msMpB2C",set(),'alegria',[0.5],[0.01],[0.32],[0.0],[0.16],[0.01],[0.0]
@Aguiarthur adm me seguueeee,set(),'alegria',[0.5],[0.01],[0.32],[0.0],[0.16],[0.01],[0.0]
RT @Aguiarthur: AMANH√É √â O GRANDE DIA! ‚ú®üíõ,"{'‚ú®', 'üíõ'}",'alegria',[0.5],[0.01],[0.32],[0.0],[0.16],[0.01],[0.0]
@Aguiarthur ME SEGUEEEE,set(),'alegria',[0.5],[0.01],[0.32],[0.0],[0.16],[0.01],[0.0]
"RT @tracklist: Tiago Abravanel falou para os brothers que acha que as pessoas que faltam entrar no #BBB22 s√£o Jade Picon, Linn da Quebrada‚Ä¶",set(),'alegria',[0.5],[0.01],[0.32],[0.0],[0.16],[0.01],[0.0]
@Aguiarthur POR FAVOR https://t.co/2wB5eNiS5A,set(),'alegria',[0.5],[0.01],[0.32],[0.0],[0.16],[0.01],[0.0]
"Ach√°vamos que o Arthur Aguiar ia ser o conquistador dessa edi√ß√£o, mas em 3 dias, o Scooby j√° t√° mostrando que tem p‚Ä¶ https://t.co/E6r2XYLg5j",set(),'neutro',[0.33],[0.01],[0.48],[0.0],[0.17],[0.01],[0.0]
"3. Arthur Aguiar 

e √© isto https://t.co/IkHmZV8NhD",set(),'alegria',[0.5],[0.01],[0.32],[0.0],[0.16],[0.01],[0.0]
"@Aguiarthur Vem a√≠
https://t.co/qTw5xvLGkt",set(),'alegria',[0.5],[0.01],[0.32],[0.0],[0.16],[0.01],[0.0]
"RT @brunorahall: a produ√ß√£o: nossa que barulho eh esse

o arthur aguiar com a psic√≥loga do bbb de madrugada: https://t.co/cT7msMpB2C",set(),'alegria',[0.5],[0.01],[0.32],[0.0],[0.16],[0.01],[0.0]
RT @_srtalycia: Maria querendo bocas femininas pra beijar e n√£o tem nenhuma que curta a n√£o ser a Brunna que √© o oposto do Arthur Aguiar. B‚Ä¶,set(),'alegria',[0.5],[0.01],[0.32],[0.0],[0.16],[0.01],[0.0]
RT @_srtalycia: Maria querendo bocas femininas pra beijar e n√£o tem nenhuma que curta a n√£o ser a Brunna que √© o oposto do Arthur Aguiar. B‚Ä¶,set(),'alegria',[0.5],[0.01],[0.32],[0.0],[0.16],[0.01],[0.0]
"RT @tracklist: üö® Jade Picon, Arthur Aguiar e Linn da Quebrada entrar√£o na casa do #BBB22 amanh√£ √†s 13h!",{'üö®'},'alegria',[0.5],[0.01],[0.32],[0.0],[0.16],[0.01],[0.0]
"RT @tracklist: Tiago Abravanel falou para os brothers que acha que as pessoas que faltam entrar no #BBB22 s√£o Jade Picon, Linn da Quebrada‚Ä¶",set(),'alegria',[0.5],[0.01],[0.32],[0.0],[0.16],[0.01],[0.0]
RT @eubobinho: Arthur Aguiar primeiro eliminado e s√≥ vai ter ficado 5 dias na casa,set(),'raiva',[0.35],[0.01],[0.26],[0.0],[0.36],[0.01],[0.0]
se o arthur aguiar cair no pared√£o e eliminarem ele eu largo tudo https://t.co/5fFCKsFnpY,set(),'alegria',[0.5],[0.01],[0.32],[0.0],[0.16],[0.01],[0.0]
"E √© isso ai, ainda ta meio sem sal... Quero √© confus√£o tiro, grito e bolo frito kkkkkk
Quero arthur aguiar traindo‚Ä¶ https://t.co/eTNwgz0nKp",set(),'alegria',[0.5],[0.01],[0.32],[0.0],[0.16],[0.01],[0.0]
@Aguiarthur S√≥ vem bonito. Venha com tudo. https://t.co/jCn9THdH6E,set(),'alegria',[0.5],[0.01],[0.32],[0.0],[0.16],[0.01],[0.0]
Arthur Aguiar primeiro eliminado e s√≥ vai ter ficado 5 dias na casa,set(),'raiva',[0.35],[0.01],[0.26],[0.0],[0.36],[0.01],[0.0]
@Aguiarthur @wishmurilo_h ME SEGUEEEE,set(),'alegria',[0.5],[0.01],[0.32],[0.0],[0.16],[0.01],[0.0]
@Aguiarthur @wishmurilo_h EU AMO ADMMM,set(),'alegria',[0.5],[0.01],[0.32],[0.0],[0.16],[0.01],[0.0]
@Aguiarthur Admmm segue eu por favor ü•≤ü•≤ü•≤ https://t.co/At00BNbE6x,{'\U0001f972'},'alegria',[0.5],[0.01],[0.32],[0.0],[0.16],[0.01],[0.0]
@Aguiarthur @centralarthurof Agora falta pouco pra amanh√£ ebaaaaa,set(),'alegria',[0.5],[0.01],[0.32],[0.0],[0.16],[0.01],[0.0]
@krolimas @Aguiarthur Meu nen√©m amor,set(),'alegria',[0.5],[0.01],[0.32],[0.0],[0.16],[0.01],[0.0]
"RT @brunorahall: a produ√ß√£o: nossa que barulho eh esse

o arthur aguiar com a psic√≥loga do bbb de madrugada: https://t.co/cT7msMpB2C",set(),'alegria',[0.5],[0.01],[0.32],[0.0],[0.16],[0.01],[0.0]
"RT @brunorahall: a produ√ß√£o: nossa que barulho eh esse

o arthur aguiar com a psic√≥loga do bbb de madrugada: https://t.co/cT7msMpB2C",set(),'alegria',[0.5],[0.01],[0.32],[0.0],[0.16],[0.01],[0.0]
"Rodrigo, Eslovenia e b√°rbara falando que com certeza v√£o votar nos novos que chegarem pq n√£o t√™m coragem de votar e‚Ä¶ https://t.co/T6ujeHfXPu",set(),'alegria',[0.5],[0.01],[0.32],[0.0],[0.16],[0.01],[0.0]
RT @centralarthurof: @Aguiarthur O maior que temos! üó£Ô∏èüíõ,"{'üó£Ô∏è', 'üíõ'}",'alegria',[0.5],[0.01],[0.32],[0.0],[0.16],[0.01],[0.0]
"n√£o sei se t√¥ vivendo ou esperando a jade picon, o arthur aguiar e a linn da quebrada entrarem amanh√£ no bbb",set(),'alegria',[0.5],[0.01],[0.32],[0.0],[0.16],[0.01],[0.0]
RT @Aguiarthur: ELE T√Å VINDO A√ç!!!!! #BBB22 https://t.co/wzNlJPd2re,set(),'alegria',[0.5],[0.01],[0.32],[0.0],[0.16],[0.01],[0.0]
"gente vou confessar pra vcs, eu t√¥ isolado em um hotel com a jade picao, arthur aguiar e a linn, era pra ser supres‚Ä¶ https://t.co/wt666Te5NU",set(),'neutro',[0.2],[0.01],[0.59],[0.0],[0.2],[0.0],[0.0]
RT @Aguiarthur: ELE T√Å VINDO A√ç!!!!! #BBB22 https://t.co/wzNlJPd2re,set(),'alegria',[0.5],[0.01],[0.32],[0.0],[0.16],[0.01],[0.0]
RT @papusretus: ansiosa pelo momento que o punheteiro e o arthur aguiar vao engatar numa conversa sobre trai√ß√£o n√£o monogamia e masculinida‚Ä¶,set(),'alegria',[0.5],[0.01],[0.32],[0.0],[0.16],[0.01],[0.0]
RT @Aguiarthur: ELE T√Å VINDO A√ç!!!!! #BBB22 https://t.co/wzNlJPd2re,set(),'alegria',[0.5],[0.01],[0.32],[0.0],[0.16],[0.01],[0.0]
"RT @brunorahall: a produ√ß√£o: nossa que barulho eh esse

o arthur aguiar com a psic√≥loga do bbb de madrugada: https://t.co/cT7msMpB2C",set(),'alegria',[0.5],[0.01],[0.32],[0.0],[0.16],[0.01],[0.0]
@PiticaCarla @ProjetoCarlaD @YngridKellyy @Aguiarthur @centralarthurof @QGRebeldeBR  @sophiaabrahao @_thurphia‚Ä¶ https://t.co/7kWXth4g24,set(),'alegria',[0.5],[0.01],[0.32],[0.0],[0.16],[0.01],[0.0]
"RT @fishkhaos: Pedro Scooby sem fumar maconha e Arthur Aguiar sem trair a esposa, quem vai virar o coringa primeiro?",set(),'alegria',[0.5],[0.01],[0.32],[0.0],[0.16],[0.01],[0.0]
@jaureguilers @Aguiarthur @tuitaagabi Eu gosto tanto dele s√©rio üò≠,{'üò≠'},'alegria',[0.5],[0.01],[0.32],[0.0],[0.16],[0.01],[0.0]
"RT @brunorahall: a produ√ß√£o: nossa que barulho eh esse

o arthur aguiar com a psic√≥loga do bbb de madrugada: https://t.co/cT7msMpB2C",set(),'alegria',[0.5],[0.01],[0.32],[0.0],[0.16],[0.01],[0.0]
@Aguiarthur finalmente,set(),'alegria',[0.5],[0.01],[0.32],[0.0],[0.16],[0.01],[0.0]
"RT @tracklist: üö® Jade Picon, Arthur Aguiar e Linn da Quebrada entrar√£o na casa do #BBB22 amanh√£ √†s 13h!",{'üö®'},'alegria',[0.5],[0.01],[0.32],[0.0],[0.16],[0.01],[0.0]
Pelo andar da hist√≥ria se o Arthur Aguiar n√£o ganhar a imunidade ele vai acabar indo pro pared√£o essa semana pelo voto dos Pipocas #BBB22,set(),'alegria',[0.5],[0.01],[0.32],[0.0],[0.16],[0.01],[0.0]
"RT @me_mari: Rodrigo j√° trocando o foco da Naiara por Arthur Aguiar que ainda nem entrou, est√° dizendo que ele √© massacrado aqui fora.. ele‚Ä¶",set(),'alegria',[0.5],[0.01],[0.32],[0.0],[0.16],[0.01],[0.0]
Eles falando que votam nos que entrarem amanh√£ se n√£o tiverem imunes. Se eles colocarem a Jade no pared√£o eu vou de‚Ä¶ https://t.co/PfMgTuIrBi,set(),'alegria',[0.5],[0.01],[0.32],[0.0],[0.16],[0.01],[0.0]
@Aguiarthur ADM vai me notar nunca? üò≠,{'üò≠'},'alegria',[0.5],[0.01],[0.32],[0.0],[0.16],[0.01],[0.0]
RT @Aguiarthur: ELE T√Å VINDO A√ç!!!!! #BBB22 https://t.co/wzNlJPd2re,set(),'alegria',[0.5],[0.01],[0.32],[0.0],[0.16],[0.01],[0.0]
@feenadinha @Aguiarthur @tuitaagabi eu s√≥ queria o follow do arthur üòî,{'üòî'},'alegria',[0.5],[0.01],[0.32],[0.0],[0.16],[0.01],[0.0]
O povo falando que quem entrar realmente tem q ser imune pq votariam neles sem pensar. Vem a√≠ Arthur Aguiar no primeiro pared√£o,set(),'neutro',[0.33],[0.01],[0.48],[0.0],[0.17],[0.01],[0.0]
"@RealitysVip ‚ñ™Ô∏éVTZEIRO(A)___________Vyni
‚ñ™Ô∏éPLANTA _______________PA
‚ñ™Ô∏é1¬∞ ELIMINADO(A)______Lucas
‚ñ™Ô∏éCANCELADO ______‚Ä¶ https://t.co/gWdOMO9a3P",set(),'alegria',[0.5],[0.01],[0.32],[0.0],[0.16],[0.01],[0.0]
"RT @brunorahall: a produ√ß√£o: nossa que barulho eh esse

o arthur aguiar com a psic√≥loga do bbb de madrugada: https://t.co/cT7msMpB2C",set(),'alegria',[0.5],[0.01],[0.32],[0.0],[0.16],[0.01],[0.0]
"RT @brunorahall: a produ√ß√£o: nossa que barulho eh esse

o arthur aguiar com a psic√≥loga do bbb de madrugada: https://t.co/cT7msMpB2C",set(),'alegria',[0.5],[0.01],[0.32],[0.0],[0.16],[0.01],[0.0]
"RT @brunorahall: a produ√ß√£o: nossa que barulho eh esse

o arthur aguiar com a psic√≥loga do bbb de madrugada: https://t.co/cT7msMpB2C",set(),'alegria',[0.5],[0.01],[0.32],[0.0],[0.16],[0.01],[0.0]
arthur aguiar primeiro eliminado,set(),'alegria',[0.5],[0.01],[0.32],[0.0],[0.16],[0.01],[0.0]
