Title,Views,Comments,Likes,Description,Captions,Tags
LO MEJOR DE JANET GARCÍA EN #ONLYFANS,22839,0,247,,"00:00
bueno
00:02
no
00:04
[Música]
00:10
y
00:14
[Música]
00:21
ah
00:21
[Música]
00:31
[Música]
00:43
[Música]
00:57
[Música]
01:14
[Música]
01:26
[Música]
01:30
sí
01:36
mucho
01:38
[Música]
02:01
[Música]
02:14
pero
02:16
[Música]
02:31
no no
02:33
[Música]
02:34
[Aplausos]
02:36
[Música]
03:11
o no
03:16
[Música]
03:29
y
03:33
i
03:38
no
03:43
así
03:45
[Música]
04:19
y
04:23
[Música]
04:29
ah
04:30
[Música]
04:40
[Música]
04:52
[Música]
05:00
[Música]","vídeo, compartilhamento, celular com câmera, videofone, gratuito, envio"
LAS MUJERES MAS SEXY'S EN MEDIAS,19276,0,152,,"00:00
[Music]
00:42
so
00:51
[Music]
02:30
[Music]
02:45
[Music]
03:29
[Music]
03:44
you","vídeo, compartilhamento, celular com câmera, videofone, gratuito, envio"
PUTEANDO con YULIETT TORRES,17993,0,341,,"00:05
la canto
00:34
se nota que es
00:38
sí gracias mil gracias tengo muchas 500
00:43
de mí muchas gracias de amor 100 monedas
00:46
recuerden que va a haber premio y ahora
00:50
seguimos otro en vivo en el en el sitio
00:53
de estas 80
01:06
ha abierto
01:17
sí
01:22
[Música]
01:29
sí
01:32
esta mañana
01:37
vamos a comentar
01:39
[Música]
01:41
no hace verdura cerveza y hoy en
01:46
alicante una cerveza pero no fueron hoy
01:49
tantos hermanos no tenemos el cordero es
01:52
inapelable necesitan una buena fiesta
01:54
aquí ya tengo 1900 coins
02:00
se te nota que quiero de tu boca
02:08
no yo","vídeo, compartilhamento, celular com câmera, videofone, gratuito, envio"
YULIETT TORRES bien buena #onlyfans,10337,0,110,,No captions,"vídeo, compartilhamento, celular com câmera, videofone, gratuito, envio"
MARTA MARIA SANTOS #onlyfans,8579,0,153,,No captions,"vídeo, compartilhamento, celular com câmera, videofone, gratuito, envio"
Marta María Santos más buena que nunca,7029,0,124,,No captions,"vídeo, compartilhamento, celular com câmera, videofone, gratuito, envio"
CINTIA COSSIO quitandose la ropa,6292,0,42,#onlyfans,No captions,"vídeo, compartilhamento, celular com câmera, videofone, gratuito, envio"
VANESA con espectacular baile candente,5048,1,66,,No captions,"vídeo, compartilhamento, celular com câmera, videofone, gratuito, envio"
ESO TE PASA POR GOLOSA | CINTIA COSSIO #ONLYFANS,4657,0,66,,No captions,"vídeo, compartilhamento, celular com câmera, videofone, gratuito, envio"
El pack más decente de VIVIANE LOMELIN,4471,0,80,,No captions,"vídeo, compartilhamento, celular com câmera, videofone, gratuito, envio"
MARTA MARIA SANTOS la buena de Colombia,4110,0,54,,No captions,"vídeo, compartilhamento, celular com câmera, videofone, gratuito, envio"
¿LO MAS HOT QUE VERAZ HOY?,3691,0,62,,"00:02
[музыка]
00:13
вы же друзья
00:15
[музыка]","vídeo, compartilhamento, celular com câmera, videofone, gratuito, envio"
Simplemente la más HERMOSA,2606,0,45,,No captions,"vídeo, compartilhamento, celular com câmera, videofone, gratuito, envio"
Y si te invito a mi cama?,2590,0,29,#onlyfans,No captions,"vídeo, compartilhamento, celular com câmera, videofone, gratuito, envio"
extremadamente sexy #onlyfans,2591,0,33,,No captions,"vídeo, compartilhamento, celular com câmera, videofone, gratuito, envio"
Otra vez MARTA MARIA SANTOS deleitándonos,2514,0,30,#onlyfans,"00:00
gracias lejos por estar en mis cuentas
00:03
privadas por todo el apoyo que me
00:04
regalas espero que te guste mucho mi
00:06
contenido y que estoy de aíto te ponga
00:09
muy pero muy feliz te mando un beso muy
00:11
grande","vídeo, compartilhamento, celular com câmera, videofone, gratuito, envio"
YULIETT TORRES preparando la cena,2387,0,47,,No captions,"vídeo, compartilhamento, celular com câmera, videofone, gratuito, envio"
Lista para complacer a mi hombre,2196,0,41,,No captions,"vídeo, compartilhamento, celular com câmera, videofone, gratuito, envio"
LANA RHOADES la mejor pornostar,2153,0,14,#onlyfans,No captions,"vídeo, compartilhamento, celular com câmera, videofone, gratuito, envio"
Creo que me estorba mi tanga roja al bailar,2145,0,27,#onlyfans,No captions,"vídeo, compartilhamento, celular com câmera, videofone, gratuito, envio"
MARTHA,2141,0,45,,"00:00
hola mi patrón cómo están bienvenidos a
00:01
una nueva versión extendida el día de
00:03
hoy les traigo una lencería con unos
00:05
colores super vibrantes hay verde hay
00:07
rosados hay un rosado fosforescente uno
00:10
no tanto un mes de clarito así color
00:13
menta y uno bien fosforescente hay
00:14
transparencia como les gusta así que
00:16
arrancamos con este vídeo ya
00:19
[Música]
00:24
no
00:30
[Música]
00:42
2
00:48
o
00:50
[Música]
00:53
o no
00:59
no
01:02
cada vez que se cruzan nuestras miradas
01:06
tocó el cielo
01:08
siento frío como si tocara
01:12
alma y cuerpos desde el partido
01:17
no sé qué es el tratamiento donde pierdo
01:22
[Música]
01:24
no puedo entender cómo el que pitó
01:28
sangre
01:32
o
01:34
[Música]
01:43
o
01:46
[Música]
02:47
[Aplausos]
02:48
[Música]","vídeo, compartilhamento, celular com câmera, videofone, gratuito, envio"
putipolicia #onlyfans,2116,0,57,,No captions,"vídeo, compartilhamento, celular com câmera, videofone, gratuito, envio"
DANIELA una TEEN muy candente,1918,0,36,,No captions,"vídeo, compartilhamento, celular com câmera, videofone, gratuito, envio"
LA HERMOSA E INOCENTE LISA,1473,0,19,#onlyfans,No captions,"vídeo, compartilhamento, celular com câmera, videofone, gratuito, envio"
Mostrando la nalg*s,1441,0,27,,No captions,"vídeo, compartilhamento, celular com câmera, videofone, gratuito, envio"
¿QUE TAL SE MUEVE ESTA MAMACITA?,1381,0,29,#onlyfans,No captions,"vídeo, compartilhamento, celular com câmera, videofone, gratuito, envio"
EN MICRO FALDA,1311,0,27,#onlyfans,No captions,"vídeo, compartilhamento, celular com câmera, videofone, gratuito, envio"
Janet García #onlyfans,1281,0,27,,No captions,"vídeo, compartilhamento, celular com câmera, videofone, gratuito, envio"
